province,year,category,batch,university_code,university_name,major_group,subject_req,min_score,min_rank,control_score,score_diff,admit_count,school_province,school_nature,is_985,is_211
河南,2024,,专科,2405,天津师范大学,,,400,84476,,,25,,,0,0
河南,2024,,专科,3060,中国民用航空飞行学院,,,455,225087,,,4,,,0,0
河南,2024,,专科,3140,北京青年政治学院,,,395,88171,,,36,,,0,0
河南,2024,,专科,3145,首钢工学院,,,399,99502,,,5,,,0,0
河南,2024,,专科,3260,张家口学院,,,447,68096,,,9,,,0,0
河南,2024,,专科,3580,沈阳医学院,,,411,259136,,,35,,,0,0
河南,2024,,专科,3585,鞍山师范学院,,,193,103279,,,42,,,0,0
河南,2024,,专科,3615,辽东学院,,,390,111032,,,60,,,0,0
河南,2024,,专科,4325,江西医学高等专科学校,,,404,106137,,,25,,,0,0
河南,2024,,专科,4930,桂林理工大学,,,407,90950,,,92,,,0,0
河南,2024,,专科,5000,海南热带海洋学院,,,275,113010,,,50,,,0,0
河南,2024,,专科,5999,郑州亚欧交通职业学院,,,216,326841,,,373,,,0,0
河南,2024,,专科,6025,河南科技学院,,,399,96702,,,450,,,0,0
河南,2024,,专科,6040,许昌学院,,,403,102361,,,440,,,0,0
河南,2024,,专科,6042,许昌学院(中外合作),,,320,219452,,,60,,,0,0
河南,2024,,专科,6047,河南牧业经济学院(中外合作),,,299,236020,,,400,,,0,0
河南,2024,,专科,6048,河南牧业经济学院(软件类)(较高收费),,,311,163100,,,1430,,,0,0
河南,2024,,专科,6052,安阳师范学院(中外合作),,,193,346661,,,100,,,0,0
河南,2024,,专科,6053,安阳师范学院(软件类),,,255,290595,,,800,,,0,0
河南,2024,,专科,6057,商丘师范学院(中外合作),,,394,121221,,,151,,,0,0
河南,2024,,专科,6065,信阳师范大学,,,390,96702,,,150,,,0,0
河南,2024,,专科,6065,信阳师范大学(计算机类单列专业),,,400,314079,,,150,,,0,0
河南,2024,,专科,6070,南阳师范学院,,,192,347091,,,310,,,0,0
河南,2024,,专科,6070,南阳师范学院(较高收费),,,196,554417,,,180,,,0,0
河南,2024,,专科,6132,黄河科技学院(中外合作),,,196,301559,,,700,,,0,0
河南,2024,,专科,6145,信阳农林学院,,,330,109100,,,1580,,,0,0
河南,2024,,专科,6150,黄淮学院,,,400,101443,,,150,,,0,0
河南,2024,,专科,6153,黄淮学院(中外合作),,,288,259838,,,100,,,0,0
河南,2024,,专科,6157,河南工程学院(中外合作),,,239,526660,,,100,,,0,0
河南,2024,,专科,6158,河南工程学院(软件类),,,384,142688,,,150,,,0,0
河南,2024,,专科,6158,河南工程学院(软件类单列专业),,,353,369159,,,650,,,0,0
河南,2024,,专科,6162,洛阳理工学院(中外合作),,,392,336442,,,100,,,0,0
河南,2024,,专科,6164,洛阳理工学院(软件类)(较高收费),,,393,334685,,,200,,,0,0
河南,2024,,专科,6165,新乡学院,,,404,98536,,,200,,,0,0
河南,2024,,专科,6170,郑州师范学院,,,362,97632,,,435,,,0,0
河南,2024,,专科,6175,郑州工业应用技术学院,,,254,279162,,,1360,,,0,0
河南,2024,,专科,6180,郑州科技学院,,,185,345303,,,959,,,0,0
河南,2024,,专科,6184,河南轻工职业学院,,,270,169090,,,3193,,,0,0
河南,2024,,专科,6186,河南信息统计职业学院,,,185,155055,,,2563,,,0,0
河南,2024,,专科,6188,河南林业职业学院,,,229,149468,,,1650,,,0,0
河南,2024,,专科,6188,河南林业职业学院(较高收费),,,183,350542,,,21,,,0,0
河南,2024,,专科,6191,河南工业和信息化职业学院,,,185,215623,,,2723,,,0,0
河南,2024,,专科,6192,河南水利与环境职业学院,,,328,152758,,,3910,,,0,0
河南,2024,,专科,6192,河南水利与环境职业学院(较高收费),,,256,278008,,,280,,,0,0
河南,2024,,专科,6195,郑州升达经贸管理学院,,,256,289491,,,1120,,,0,0
河南,2024,,专科,6195,郑州升达经贸管理学院(较高收费),,,239,313531,,,250,,,0,0
河南,2024,,专科,6200,商丘学院,,,185,274439,,,1812,,,0,0
河南,2024,,专科,6202,商丘学院(应用科技学院),,,202,280373,,,1764,,,0,0
河南,2024,,专科,6205,商丘工学院,,,253,291722,,,160,,,0,0
河南,2024,,专科,6213,郑州电力高等专科学校,,,289,108140,,,1864,,,0,0
河南,2024,,专科,6213,郑州电力高等专科学校(较高收费),,,395,105172,,,203,,,0,0
河南,2024,,专科,6216,河南财政金融学院(中外合作),,,230,131835,,,400,,,0,0
河南,2024,,专科,6218,河南财政金融学院(软件类专业),,,199,111032,,,2150,,,0,0
河南,2024,,专科,6226,黄河交通学院,,,271,263497,,,360,,,0,0
河南,2024,,专科,6229,商丘幼儿师范高等专科学校,,,275,258571,,,1251,,,0,0
河南,2024,,专科,6231,郑州幼儿师范高等专科学校,,,187,111032,,,1882,,,0,0
河南,2024,,专科,6231,郑州幼儿师范高等专科学校(较高收费),,,188,333579,,,240,,,0,0
河南,2024,,专科,6232,驻马店幼儿师范高等专科学校,,,186,316372,,,1662,,,0,0
河南,2024,,专科,6233,安阳幼儿师范高等专科学校,,,264,149468,,,1459,,,0,0
河南,2024,,专科,6233,安阳幼儿师范高等专科学校(其他单列),,,247,306767,,,120,,,0,0
河南,2024,,专科,6235,焦作师范高等专科学校,,,228,102361,,,1648,,,0,0
河南,2024,,专科,6235,焦作师范高等专科学校(单列专业),,,199,337551,,,40,,,0,0
河南,2024,,专科,6237,漯河医学高等专科学校,,,185,175097,,,5000,,,0,0
河南,2024,,专科,6237,漯河医学高等专科学校(免费培养计划),,,399,126542,,,50,,,0,0
河南,2024,,专科,6237,漯河医学高等专科学校(单列专业),,,389,341411,,,50,,,0,0
河南,2024,,专科,6238,商丘医学高等专科学校,,,185,113010,,,2880,,,0,0
河南,2024,,专科,6239,南阳医学高等专科学校,,,185,126542,,,4146,,,0,0
河南,2024,,专科,6239,南阳医学高等专科学校(中医类免费培养计划),,,388,119130,,,100,,,0,0
河南,2024,,专科,6239,南阳医学高等专科学校(临床类免费培养计划),,,407,106137,,,50,,,0,0
河南,2024,,专科,6239,南阳医学高等专科学校(单列专业),,,401,103279,,,200,,,0,0
河南,2024,,专科,6243,濮阳医学高等专科学校,,,199,146084,,,2668,,,0,0
河南,2024,,专科,6243,濮阳医学高等专科学校(中医类免费培养计划),,,384,113991,,,50,,,0,0
河南,2024,,专科,6243,濮阳医学高等专科学校(临床类免费培养计划),,,381,354785,,,50,,,0,0
河南,2024,,专科,6243,濮阳医学高等专科学校(较高收费),,,293,253640,,,120,,,0,0
河南,2024,,专科,6249,郑州工程技术学院(软件类专业),,,379,135035,,,240,,,0,0
河南,2024,,专科,6251,郑州工程技术学院(中外合作),,,186,282658,,,308,,,0,0
河南,2024,,专科,6252,开封大学,,,260,106137,,,3381,,,0,0
河南,2024,,专科,6253,开封大学(软件类专业),,,381,146084,,,120,,,0,0
河南,2024,,专科,6255,开封大学(中外合作),,,269,204486,,,149,,,0,0
河南,2024,,专科,6256,焦作大学,,,188,111032,,,2900,,,0,0
河南,2024,,专科,6258,黄河水利职业技术学院,,,323,76655,,,4068,,,0,0
河南,2024,,专科,6259,黄河水利职业技术学院(中外合作),,,321,157276,,,302,,,0,0
河南,2024,,专科,6261,河南职业技术学院,,,396,93783,,,3176,,,0,0
河南,2024,,专科,6261,河南职业技术学院(软件类专业),,,306,160737,,,404,,,0,0
河南,2024,,专科,6262,河南工业职业技术学院,,,213,94756,,,1694,,,0,0
河南,2024,,专科,6262,河南工业职业技术学院(其他单列),,,251,452337,,,60,,,0,0
河南,2024,,专科,6262,河南工业职业技术学院(单列专业),,,288,213040,,,100,,,0,0
河南,2024,,专科,6263,河南司法警官职业学院,,,354,142688,,,1735,,,0,0
河南,2024,,专科,6265,郑州铁路职业技术学院,,,345,66389,,,1313,,,0,0
河南,2024,,专科,6266,河南应用技术职业学院,,,236,135035,,,4587,,,0,0
河南,2024,,专科,6266,河南应用技术职业学院(较高收费),,,281,264738,,,250,,,0,0
河南,2024,,专科,6267,河南检察职业学院,,,257,100480,,,2345,,,0,0
河南,2024,,专科,6268,河南质量工程职业学院,,,185,244976,,,5219,,,0,0
河南,2024,,专科,6269,河南建筑职业技术学院,,,242,164357,,,1923,,,0,0
河南,2024,,专科,6270,郑州信息科技职业学院,,,245,149468,,,2563,,,0,0
河南,2024,,专科,6270,郑州信息科技职业学院(较高收费),,,293,253640,,,70,,,0,0
河南,2024,,专科,6271,平顶山工业职业技术学院,,,277,219452,,,3132,,,0,0
河南,2024,,专科,6271,平顶山工业职业技术学院(较高收费),,,272,279162,,,60,,,0,0
河南,2024,,专科,6272,濮阳职业技术学院,,,209,195775,,,2153,,,0,0
河南,2024,,专科,6272,濮阳职业技术学院(较高收费),,,188,348302,,,120,,,0,0
河南,2024,,专科,6273,鹤壁职业技术学院,,,320,155055,,,1651,,,0,0
河南,2024,,专科,6273,鹤壁职业技术学院(较高收费),,,185,349099,,,98,,,0,0
河南,2024,,专科,6275,三门峡职业技术学院,,,213,172653,,,3811,,,0,0
河南,2024,,专科,6276,许昌职业技术学院,,,387,107145,,,2536,,,0,0
河南,2024,,专科,6276,许昌职业技术学院(较高收费),,,306,237327,,,50,,,0,0
河南,2024,,专科,6277,漯河职业技术学院,,,192,194558,,,2794,,,0,0
河南,2024,,专科,6278,商丘职业技术学院,,,260,103279,,,3580,,,0,0
河南,2024,,专科,6278,商丘职业技术学院(较高收费),,,266,278008,,,153,,,0,0
河南,2024,,专科,6279,周口职业技术学院,,,207,155055,,,3198,,,0,0
河南,2024,,专科,6280,济源职业技术学院,,,213,148347,,,1899,,,0,0
河南,2024,,专科,6281,河南经贸职业学院,,,245,90950,,,4047,,,0,0
河南,2024,,专科,6282,河南农业职业学院,,,221,100480,,,2075,,,0,0
河南,2024,,专科,6283,河南交通职业技术学院,,,376,116073,,,3270,,,0,0
河南,2024,,专科,6283,河南交通职业技术学院(单列专业),,,192,300495,,,300,,,0,0
河南,2024,,专科,6283,河南交通职业技术学院(较高收费),,,208,338782,,,150,,,0,0
河南,2024,,专科,6284,郑州旅游职业学院,,,346,140480,,,1935,,,0,0
河南,2024,,专科,6285,郑州职业技术学院,,,278,128701,,,3360,,,0,0
河南,2024,,专科,6285,郑州职业技术学院(较高收费),,,271,280373,,,120,,,0,0
河南,2024,,专科,6286,郑州工业安全职业学院,,,185,188463,,,2116,,,0,0
河南,2024,,专科,6287,永城职业学院,,,226,216878,,,2632,,,0,0
河南,2024,,专科,6288,信阳职业技术学院,,,277,146084,,,4721,,,0,0
河南,2024,,专科,6289,河南工业贸易职业学院,,,209,167884,,,3330,,,0,0
河南,2024,,专科,6289,河南工业贸易职业学院(较高收费),,,272,279162,,,120,,,0,0
河南,2024,,专科,6290,河南艺术职业学院,,,256,276828,,,2172,,,0,0
河南,2024,,专科,6290,河南艺术职业学院(较高收费),,,204,328423,,,240,,,0,0
河南,2024,,专科,6291,新乡职业技术学院,,,320,144946,,,3483,,,0,0
河南,2024,,专科,6292,安阳职业技术学院,,,320,169090,,,2010,,,0,0
河南,2024,,专科,6293,驻马店职业技术学院,,,219,158445,,,1289,,,0,0
河南,2024,,专科,6295,郑州城市职业学院,,,192,340559,,,2958,,,0,0
河南,2024,,专科,6296,漯河食品工程职业大学,,,242,232209,,,1053,,,0,0
河南,2024,,专科,6297,郑州理工职业学院,,,199,333579,,,3984,,,0,0
河南,2024,,专科,6298,郑州信息工程职业学院,,,185,305676,,,4157,,,0,0
河南,2024,,专科,6298,郑州信息工程职业学院(较高收费),,,210,337551,,,50,,,0,0
河南,2024,,专科,6299,焦作工贸职业学院,,,255,283843,,,1716,,,0,0
河南,2024,,专科,6300,长垣烹饪职业技术学院,,,196,290595,,,3050,,,0,0
河南,2024,,专科,6301,许昌陶瓷职业学院,,,209,319989,,,1089,,,0,0
河南,2024,,专科,6303,郑州电力职业技术学院,,,221,290595,,,2822,,,0,0
河南,2024,,专科,6303,郑州电力职业技术学院(单列专业),,,190,345807,,,809,,,0,0
河南,2024,,专科,6304,河南科技职业大学,,,296,227080,,,678,,,0,0
河南,2024,,专科,6305,郑州澍青医学高等专科学校,,,253,219452,,,1676,,,0,0
河南,2024,,专科,6305,郑州澍青医学高等专科学校(护理较高收费),,,207,339422,,,120,,,0,0
河南,2024,,专科,6305,郑州澍青医学高等专科学校(较高收费),,,283,265935,,,180,,,0,0
河南,2024,,专科,6309,郑州电子信息职业技术学院,,,190,332192,,,3753,,,0,0
河南,2024,,专科,6310,嵩山少林武术职业学院,,,227,281528,,,1118,,,0,0
河南,2024,,专科,6312,平顶山文化艺术职业学院,,,256,268309,,,266,,,0,0
河南,2024,,专科,6313,平顶山职业技术学院,,,185,167884,,,2732,,,0,0
河南,2024,,专科,6313,平顶山职业技术学院(较高收费),,,183,349491,,,150,,,0,0
河南,2024,,专科,6316,开封文化艺术职业学院,,,208,208211,,,1669,,,0,0
河南,2024,,专科,6317,河南医学高等专科学校,,,203,104214,,,3016,,,0,0
河南,2024,,专科,6317,河南医学高等专科学校(免费培养计划),,,383,351525,,,150,,,0,0
河南,2024,,专科,6320,河南测绘职业学院,,,219,192108,,,2312,,,0,0
河南,2024,,专科,6320,河南测绘职业学院(较高收费),,,258,295137,,,100,,,0,0
河南,2024,,专科,6322,许昌职业技术学院(软件类专业),,,185,340559,,,201,,,0,0
河南,2024,,专科,6323,南阳医学高等专科学校(中外合作),,,196,155055,,,600,,,0,0
河南,2024,,专科,6325,驻马店农业工程职业学院,,,282,247438,,,1200,,,0,0
河南,2024,,专科,6326,信阳科技职业学院,,,195,340007,,,2900,,,0,0
河南,2024,,专科,6327,信阳工程职业学院,,,211,334254,,,2000,,,0,0
河南,2024,,专科,6328,河南经贸职业学院(中外合作),,,366,138265,,,31,,,0,0
河南,2024,,专科,6330,河南经贸职业学院(软件类专业),,,324,135035,,,80,,,0,0
河南,2024,,专科,6334,周口城市职业学院,,,220,325157,,,1200,,,0,0
河南,2024,,专科,6335,三门峡职业技术学院(中外合作),,,248,265935,,,153,,,0,0
河南,2024,,专科,6336,郑州铁路职业技术学院(中外合作),,,319,108140,,,1654,,,0,0
河南,2024,,专科,6338,商丘医学高等专科学校(中外合作),,,278,215623,,,100,,,0,0
河南,2024,,专科,6346,郑州铁路职业技术学院(软件类专业),,,345,188463,,,220,,,0,0
河南,2024,,专科,6347,商丘职业技术学院(软件类专业),,,271,259838,,,260,,,0,0
河南,2024,,专科,6349,三门峡职业技术学院(软件类专业),,,264,272001,,,167,,,0,0
河南,2024,,专科,6353,河南女子职业学院,,,285,183468,,,977,,,0,0
河南,2024,,专科,6354,河南对外经济贸易职业学院,,,292,204486,,,1420,,,0,0
河南,2024,,专科,6354,河南对外经济贸易职业学院(单列专业),,,286,216878,,,462,,,0,0
河南,2024,,专科,6355,濮阳石油化工职业技术学院,,,271,198241,,,1760,,,0,0
河南,2024,,专科,6356,南阳科技职业学院,,,248,193331,,,1377,,,0,0
河南,2024,,专科,6357,兰考三农职业学院,,,272,188463,,,1358,,,0,0
河南,2024,,专科,6358,汝州职业技术学院,,,235,220718,,,1730,,,0,0
河南,2024,,专科,6359,林州建筑职业技术学院,,,229,291722,,,1731,,,0,0
河南,2024,,专科,6360,郑州电子商务职业学院,,,206,335553,,,2990,,,0,0
河南,2024,,专科,6361,郑州轨道工程职业学院,,,230,301559,,,1890,,,0,0
河南,2024,,专科,6362,郑州体育职业学院,,,193,341143,,,1613,,,0,0
河南,2024,,专科,6363,洛阳文化旅游职业学院,,,295,221992,,,1402,,,0,0
河南,2024,,专科,6363,洛阳文化旅游职业学院(单列类专业),,,280,256092,,,600,,,0,0
河南,2024,,专科,6364,周口文理职业学院,,,230,242461,,,1650,,,0,0
河南,2024,,专科,6365,信阳艺术职业学院,,,250,213040,,,2796,,,0,0
河南,2024,,专科,6366,郑州城建职业学院,,,202,234756,,,2753,,,0,0
河南,2024,,专科,6367,郑州医药健康职业学院,,,212,274439,,,1951,,,0,0
河南,2024,,专科,6368,南阳工艺美术职业学院,,,289,238627,,,1013,,,0,0
河南,2024,,专科,6369,开封职业学院,,,212,294037,,,1905,,,0,0
河南,2024,,专科,6369,开封职业学院(单列专业),,,227,321725,,,800,,,0,0
河南,2024,,专科,6370,濮阳科技职业学院,,,277,265935,,,1170,,,0,0
河南,2024,,专科,6371,周口理工职业学院,,,294,236020,,,1298,,,0,0
河南,2024,,专科,6372,焦作新材料职业学院,,,241,220718,,,2084,,,0,0
河南,2024,,专科,6373,洛阳商业职业学院,,,216,292896,,,1328,,,0,0
河南,2024,,专科,6374,郑州软件职业技术学院,,,230,309696,,,2166,,,0,0
河南,2024,,专科,6375,郑州智能科技职业学院,,,243,263497,,,2502,,,0,0
河南,2024,,专科,6376,郑州食品工程职业学院,,,217,307795,,,3244,,,0,0
河南,2024,,专科,6377,郑州汽车工程职业学院,,,221,324346,,,2245,,,0,0
河南,2024,,专科,6378,河南新乡工商职业学院,,,225,319122,,,2600,,,0,0
河南,2024,,专科,6379,郑州财税金融职业学院,,,359,126542,,,1718,,,0,0
河南,2024,,专科,6380,南阳农业职业学院,,,227,147230,,,1770,,,0,0
河南,2024,,专科,6380,南阳农业职业学院(会计较高收费),,,233,319989,,,83,,,0,0
河南,2024,,专科,6380,南阳农业职业学院(单列专业),,,277,233498,,,645,,,0,0
河南,2024,,专科,6380,南阳农业职业学院(较高收费),,,277,273234,,,120,,,0,0
河南,2024,,专科,6381,河南推拿职业学院,,,347,159575,,,357,,,0,0
河南,2024,,专科,6382,河南机电职业学院,,,235,149468,,,3032,,,0,0
河南,2024,,专科,6383,河南护理职业学院,,,198,152758,,,3410,,,0,0
河南,2024,,专科,6383,河南护理职业学院(较高收费),,,287,213040,,,120,,,0,0
河南,2024,,专科,6384,洛阳职业技术学院,,,356,115062,,,3946,,,0,0
河南,2024,,专科,6384,洛阳职业技术学院(单列专业),,,363,104214,,,200,,,0,0
河南,2024,,专科,6384,洛阳职业技术学院(较高收费),,,274,230920,,,221,,,0,0
河南,2024,,专科,6385,许昌电气职业学院,,,200,211760,,,2277,,,0,0
河南,2024,,专科,6386,郑州商贸旅游职业学院,,,185,304651,,,2753,,,0,0
河南,2024,,专科,6387,鹤壁汽车工程职业学院,,,207,297318,,,1782,,,0,0
河南,2024,,专科,6388,信阳涉外职业技术学院,,,257,280373,,,330,,,0,0
河南,2024,,专科,6389,南阳职业学院,,,255,282658,,,2218,,,0,0
河南,2024,,专科,6390,郑州黄河护理职业学院,,,238,259838,,,2365,,,0,0
河南,2024,,专科,6391,洛阳科技职业学院,,,185,230920,,,3261,,,0,0
河南,2024,,专科,6392,鹤壁能源化工职业学院,,,275,238627,,,931,,,0,0
河南,2024,,专科,6393,三门峡社会管理职业学院,,,210,165477,,,3632,,,0,0
河南,2024,,专科,6502,中原科技学院,,,185,320871,,,2522,,,0,0
河南,2024,,专科,6503,新乡工程学院,,,225,314516,,,975,,,0,0
河南,2024,,专科,6504,郑州经贸学院,,,274,181104,,,1836,,,0,0
河南,2024,,专科,6505,新乡医学院三全学院,,,212,179942,,,192,,,0,0
河南,2024,,专科,6506,郑州工商学院,,,185,307795,,,591,,,0,0
河南,2024,,专科,6507,安阳学院,,,185,338782,,,966,,,0,0
河南,2024,,专科,6510,郑州商学院,,,310,198241,,,166,,,0,0
河南,2024,,专科,6538,郑州卫生健康职业学院,,,332,170278,,,2321,,,0,0
河南,2024,,专科,6538,郑州卫生健康职业学院(较高收费),,,305,238627,,,120,,,0,0
河南,2024,,专科,6539,河南物流职业学院,,,293,232209,,,1538,,,0,0
河南,2024,,专科,6540,河南地矿职业学院,,,237,224523,,,2174,,,0,0
河南,2024,,专科,6541,信阳航空职业学院,,,229,276828,,,2231,,,0,0
河南,2024,,专科,6595,四川文化艺术学院,,,185,199480,,,22,,,0,0
河南,2024,,专科,6609,文华学院,,,185,345807,,,113,,,0,0
河南,2024,,专科,6640,温州商学院,,,222,214351,,,29,,,0,0
河南,2024,,专科,6647,青岛农业大学海都学院,,,225,242461,,,70,,,0,0
河南,2024,,专科,6648,齐鲁理工学院,,,176,278008,,,32,,,0,0
河南,2024,,专科,6650,潍坊理工学院,,,189,276828,,,110,,,0,0
河南,2024,,专科,6654,辽宁理工学院,,,179,349859,,,209,,,0,0
河南,2024,,专科,6655,大连财经学院,,,294,200717,,,51,,,0,0
河南,2024,,专科,6660,烟台科技学院,,,183,345807,,,130,,,0,0
河南,2024,,专科,6665,西安明德理工学院,,,316,187140,,,18,,,0,0
河南,2024,,专科,6671,沈阳城市建设学院,,,234,298370,,,85,,,0,0
河南,2024,,专科,6672,武汉晴川学院,,,242,305676,,,99,,,0,0
河南,2024,,专科,6673,武汉设计工程学院,,,191,465696,,,20,,,0,0
河南,2024,,专科,6677,西南财经大学天府学院,,,187,159575,,,85,,,0,0
河南,2024,,专科,6678,四川大学锦江学院,,,205,131835,,,13,,,0,0
河南,2024,,专科,6686,西安科技大学高新学院,,,371,132909,,,34,,,0,0
河南,2024,,专科,6686,西安科技大学高新学院(较高收费),,,344,411854,,,6,,,0,0
河南,2024,,专科,6694,南昌交通学院,,,273,247438,,,20,,,0,0
河南,2024,,专科,6701,景德镇艺术职业大学,,,185,306767,,,11,,,0,0
河南,2024,,专科,6702,南昌应用技术师范学院,,,267,171475,,,14,,,0,0
河南,2024,,专科,6703,南昌大学共青学院,,,188,320871,,,70,,,0,0
河南,2024,,专科,6707,银川科技学院,,,200,199480,,,35,,,0,0
河南,2024,,专科,6782,大连艺术学院,,,181,337551,,,15,,,0,0
河南,2024,,专科,6786,沈阳工学院,,,182,210592,,,99,,,0,0
河南,2024,,专科,6789,辽宁何氏医学院,,,165,233498,,,187,,,0,0
河南,2024,,专科,6792,长春大学旅游学院,,,231,282658,,,17,,,0,0
河南,2024,,专科,6799,长春科技学院,,,310,117061,,,50,,,0,0
河南,2024,,专科,6800,吉林师范大学博达学院,,,182,283843,,,10,,,0,0
河南,2024,,专科,6832,泰山科技学院,,,215,329178,,,96,,,0,0
河南,2024,,专科,6833,烟台理工学院,,,318,126542,,,12,,,0,0
河南,2024,,专科,6836,武汉东湖学院,,,214,178774,,,141,,,0,0
河南,2024,,专科,6837,汉口学院,,,188,165477,,,77,,,0,0
河南,2024,,专科,6838,武昌理工学院,,,314,157276,,,111,,,0,0
河南,2024,,专科,6839,武昌首义学院,,,215,203234,,,153,,,0,0
河南,2024,,专科,6841,荆州学院,,,185,295137,,,560,,,0,0
河南,2024,,专科,6842,长江大学文理学院,,,356,175097,,,10,,,0,0
河南,2024,,专科,6845,湖北商贸学院,,,186,264738,,,205,,,0,0
河南,2024,,专科,6847,湖北恩施学院,,,218,303652,,,192,,,0,0
河南,2024,,专科,6849,湖北师范大学文理学院,,,212,109100,,,60,,,0,0
河南,2024,,专科,6850,武汉文理学院,,,216,129734,,,86,,,0,0
河南,2024,,专科,6851,三峡大学科技学院,,,234,116073,,,17,,,0,0
河南,2024,,专科,6852,武昌工学院,,,189,230920,,,45,,,0,0
河南,2024,,专科,6855,武汉纺织大学外经贸学院,,,313,144946,,,50,,,0,0
河南,2024,,专科,6858,湖北文理学院理工学院,,,185,306767,,,308,,,0,0
河南,2024,,专科,6859,湖北工程学院新技术学院,,,288,137189,,,77,,,0,0
河南,2024,,专科,6861,武汉工程科技学院,,,188,310681,,,372,,,0,0
河南,2024,,专科,6862,武汉学院,,,374,101443,,,54,,,0,0
河南,2024,,专科,6863,武汉工商学院,,,339,188463,,,59,,,0,0
河南,2024,,专科,6863,武汉工商学院(较高收费),,,337,194558,,,4,,,0,0
河南,2024,,专科,6874,张家界学院,,,165,289491,,,71,,,0,0
河南,2024,,专科,6894,电子科技大学成都学院,,,217,169090,,,27,,,0,0
河南,2024,,专科,6896,成都文理学院,,,196,227080,,,52,,,0,0
河南,2024,,专科,6897,成都外国语学院,,,192,113991,,,39,,,0,0
河南,2024,,专科,6907,丽江文化旅游学院,,,165,352789,,,207,,,0,0
河南,2024,,专科,6908,昆明城市学院,,,165,354483,,,84,,,0,0
河南,2024,,专科,6939,大连科技学院,,,165,354483,,,310,,,0,0
河南,2024,,专科,6943,大连东软信息学院,,,166,354094,,,197,,,0,0
河南,2024,,专科,6977,燕京理工学院,,,184,221992,,,31,,,0,0
河南,2024,,专科,6979,武汉传媒学院,,,291,178774,,,26,,,0,0
河南,2024,,专科,6993,西安工商学院,,,190,238627,,,78,,,0,0
河南,2024,,专科,7008,河北科技工程职业技术大学,,,342,136143,,,18,,,0,0
河南,2024,,专科,7009,兰州石化职业技术大学,,,360,137189,,,40,,,0,0
河南,2024,,专科,7010,兰州资源环境职业技术大学,,,367,151664,,,20,,,0,0
河南,2024,,专科,7011,山西工程科技职业大学,,,370,152758,,,10,,,0,0
河南,2024,,专科,7012,河北石油职业技术大学,,,342,192108,,,60,,,0,0
河南,2024,,专科,7013,广西农业职业技术大学,,,194,346227,,,30,,,0,0
河南,2024,,专科,7021,天津医学高等专科学校,,,343,71460,,,150,,,0,0
河南,2024,,专科,7036,邢台医学院,,,399,88171,,,50,,,0,0
河南,2024,,专科,7038,湖北幼儿师范高等专科学校,,,209,334890,,,57,,,0,0
河南,2024,,专科,7056,阳泉师范高等专科学校,,,186,111032,,,80,,,0,0
河南,2024,,专科,7057,山西省财政税务专科学校,,,367,121224,,,50,,,0,0
河南,2024,,专科,7059,运城幼儿师范高等专科学校,,,329,188463,,,30,,,0,0
河南,2024,,专科,7073,阜新高等专科学校,,,314,193331,,,77,,,0,0
河南,2024,,专科,7075,辽宁省交通高等专科学校,,,208,305325,,,110,,,0,0
河南,2024,,专科,7077,辽宁民族师范高等专科学校,,,176,169090,,,32,,,0,0
河南,2024,,专科,7078,朝阳师范学院,,,328,125470,,,95,,,0,0
河南,2024,,专科,7079,抚顺师范高等专科学校,,,202,210592,,,45,,,0,0
河南,2024,,专科,7080,锦州师范高等专科学校,,,244,229627,,,171,,,0,0
河南,2024,,专科,7081,铁岭师范高等专科学校,,,186,205713,,,113,,,0,0
河南,2024,,专科,7091,长春汽车职业技术大学,,,376,333030,,,20,,,0,0
河南,2024,,专科,7092,哈尔滨幼儿师范高等专科学校,,,176,253640,,,102,,,0,0
河南,2024,,专科,7094,长春医学高等专科学校,,,399,106137,,,15,,,0,0
河南,2024,,专科,7095,黑龙江幼儿师范高等专科学校,,,186,306767,,,88,,,0,0
河南,2024,,专科,7096,长春金融高等专科学校,,,311,176357,,,60,,,0,0
河南,2024,,专科,7099,南通师范高等专科学校,,,371,95716,,,20,,,0,0
河南,2024,,专科,7100,盐城幼儿师范高等专科学校,,,319,146084,,,33,,,0,0
河南,2024,,专科,7103,齐齐哈尔高等师范专科学校,,,185,228379,,,66,,,0,0
河南,2024,,专科,7104,鹤岗师范高等专科学校,,,266,269551,,,150,,,0,0
河南,2024,,专科,7105,大庆医学高等专科学校,,,259,104214,,,55,,,0,0
河南,2024,,专科,7107,黑龙江护理高等专科学校,,,207,119130,,,100,,,0,0
河南,2024,,专科,7112,上海出版印刷高等专科学校,,,368,113010,,,59,,,0,0
河南,2024,,专科,7112,上海出版印刷高等专科学校(较高收费),,,183,347886,,,22,,,0,0
河南,2024,,专科,7117,上海旅游高等专科学校,,,364,110064,,,74,,,0,0
河南,2024,,专科,7117,上海旅游高等专科学校(较高收费),,,345,167884,,,6,,,0,0
河南,2024,,专科,7122,镇江市高等专科学校,,,307,111032,,,30,,,0,0
河南,2024,,专科,7123,江苏城市职业学院,,,399,105172,,,14,,,0,0
河南,2024,,专科,7125,连云港师范高等专科学校,,,382,103279,,,56,,,0,0
河南,2024,,专科,7138,安庆医药高等专科学校,,,213,106137,,,35,,,0,0
河南,2024,,专科,7140,合肥幼儿师范高等专科学校,,,175,113010,,,22,,,0,0
河南,2024,,专科,7142,安徽医学高等专科学校,,,411,95716,,,20,,,0,0
河南,2024,,专科,7143,安徽中医药高等专科学校,,,409,89984,,,20,,,0,0
河南,2024,,专科,7145,桐城师范高等专科学校,,,190,120171,,,31,,,0,0
河南,2024,,专科,7146,徐州幼儿师范高等专科学校,,,403,122317,,,10,,,0,0
河南,2024,,专科,7146,徐州幼儿师范高等专科学校(较高收费),,,230,322590,,,30,,,0,0
河南,2024,,专科,7171,济南幼儿师范高等专科学校,,,326,211760,,,10,,,0,0
河南,2024,,专科,7173,山东医学高等专科学校,,,405,246430,,,10,,,0,0
河南,2024,,专科,7174,菏泽医学专科学校,,,279,117061,,,121,,,0,0
河南,2024,,专科,7193,湖北中医药高等专科学校,,,277,95716,,,99,,,0,0
河南,2024,,专科,7195,汉江师范学院,,,405,73188,,,27,,,0,0
河南,2024,,专科,7202,湖南幼儿师范高等专科学校,,,202,109100,,,30,,,0,0
河南,2024,,专科,7207,益阳医学高等专科学校,,,282,90950,,,20,,,0,0
河南,2024,,专科,7212,广东茂名幼儿师范专科学校,,,229,190897,,,50,,,0,0
河南,2024,,专科,7221,桂林航天工业学院,,,406,101443,,,17,,,0,0
河南,2024,,专科,7223,广西幼儿师范高等专科学校,,,181,169090,,,55,,,0,0
河南,2024,,专科,7225,闽江师范高等专科学校,,,215,100480,,,80,,,0,0
河南,2024,,专科,7227,桂林师范高等专科学校,,,186,259838,,,22,,,0,0
河南,2024,,专科,7229,桂林旅游学院,,,362,117061,,,27,,,0,0
河南,2024,,专科,7232,广西体育高等专科学校,,,172,333579,,,40,,,0,0
河南,2024,,专科,7233,广西警察学院,,,266,126542,,,33,,,0,0
河南,2024,,专科,7241,重庆电力高等专科学校,,,399,93783,,,100,,,0,0
河南,2024,,专科,7242,重庆三峡医药高等专科学校,,,419,259136,,,10,,,0,0
河南,2024,,专科,7243,重庆医药高等专科学校,,,427,68905,,,10,,,0,0
河南,2024,,专科,7253,成都纺织高等专科学校,,,388,100480,,,18,,,0,0
河南,2024,,专科,7255,四川中医药高等专科学校,,,403,99502,,,10,,,0,0
河南,2024,,专科,7257,川南幼儿师范高等专科学校,,,339,195775,,,4,,,0,0
河南,2024,,专科,7271,黔南民族医学高等专科学校,,,369,326146,,,30,,,0,0
河南,2024,,专科,7272,贵阳幼儿师范高等专科学校,,,170,348302,,,37,,,0,0
河南,2024,,专科,7275,遵义医药高等专科学校,,,411,303567,,,5,,,0,0
河南,2024,,专科,7276,铜仁幼儿师范高等专科学校,,,166,209403,,,42,,,0,0
河南,2024,,专科,7281,昆明冶金高等专科学校,,,308,175097,,,20,,,0,0
河南,2024,,专科,7282,曲靖医学高等专科学校,,,395,130725,,,5,,,0,0
河南,2024,,专科,7286,楚雄医药高等专科学校,,,371,98536,,,15,,,0,0
河南,2024,,专科,7291,西安电力高等专科学校,,,411,260986,,,20,,,0,0
河南,2024,,专科,7311,宁夏幼儿师范高等专科学校,,,191,176357,,,14,,,0,0
河南,2024,,专科,7333,新疆和田学院,,,165,270820,,,421,,,0,0
河南,2024,,专科,7335,新疆警察学院,,,328,123355,,,20,,,0,0
河南,2024,,专科,7336,沧州医学高等专科学校,,,402,95716,,,20,,,0,0
河南,2024,,专科,7337,白城医学高等专科学校,,,409,72330,,,11,,,0,0
河南,2024,,专科,7342,江西中医药高等专科学校,,,392,108140,,,50,,,0,0
河南,2024,,专科,7344,山东中医药高等专科学校,,,412,93783,,,15,,,0,0
河南,2024,,专科,7347,肇庆医学院,,,402,294822,,,40,,,0,0
河南,2024,,专科,7352,赣州师范高等专科学校,,,183,99502,,,16,,,0,0
河南,2024,,专科,7353,宜春幼儿师范高等专科学校,,,200,330738,,,55,,,0,0
河南,2024,,专科,7355,吉安幼儿师范高等专科学校,,,276,259838,,,34,,,0,0
河南,2024,,专科,7357,江西师范高等专科学校,,,334,103279,,,30,,,0,0
河南,2024,,专科,7359,上饶卫生健康职业学院,,,301,172653,,,8,,,0,0
河南,2024,,专科,7402,石家庄邮电职业技术学院,,,410,86369,,,200,,,0,0
河南,2024,,专科,7403,石家庄幼儿师范高等专科学校,,,318,147230,,,10,,,0,0
河南,2024,,专科,7404,长春师范高等专科学校(较高收费),,,189,348302,,,4,,,0,0
河南,2024,,专科,7406,泉州幼儿师范高等专科学校,,,294,188463,,,29,,,0,0
河南,2024,,专科,7407,新疆师范高等专科学校,,,186,106137,,,90,,,0,0
河南,2024,,专科,7408,邢台应用技术职业学院,,,185,345303,,,66,,,0,0
河南,2024,,专科,7413,和君职业学院,,,165,343848,,,84,,,0,0
河南,2024,,专科,7414,滨州科技职业学院,,,253,267117,,,80,,,0,0
河南,2024,,专科,7415,湖北孝感美珈职业学院,,,177,232209,,,156,,,0,0
河南,2024,,专科,7421,广东肇庆航空职业学院,,,177,323482,,,80,,,0,0
河南,2024,,专科,7423,广西信息职业技术学院,,,208,326841,,,10,,,0,0
河南,2024,,专科,7425,北海康养职业学院,,,233,270820,,,20,,,0,0
河南,2024,,专科,7427,自贡职业技术学院,,,169,349859,,,36,,,0,0
河南,2024,,专科,7429,宝鸡中北职业学院,,,188,234756,,,70,,,0,0
河南,2024,,专科,7430,白银希望职业技术学院,,,186,342249,,,421,,,0,0
河南,2024,,专科,7431,上海南湖职业技术学院,,,362,131835,,,38,,,0,0
河南,2024,,专科,7432,重庆工信职业学院,,,269,269551,,,40,,,0,0
河南,2024,,专科,7439,贵州铜仁数据职业学院,,,166,322590,,,111,,,0,0
河南,2024,,专科,7444,新疆司法警官职业学院,,,333,127595,,,35,,,0,0
河南,2024,,专科,7445,阿克苏工业职业技术学院,,,196,296255,,,97,,,0,0
河南,2024,,专科,7446,山东城市服务职业学院,,,197,326841,,,100,,,0,0
河南,2024,,专科,7447,秦皇岛工业职业技术学院,,,286,100480,,,9,,,0,0
河南,2024,,专科,7449,沧州航空职业学院,,,188,257358,,,22,,,0,0
河南,2024,,专科,7452,深圳职业技术大学,,,450,60525,,,39,,,0,0
河南,2024,,专科,7453,成都航空职业技术学院,,,410,100480,,,23,,,0,0
河南,2024,,专科,7454,四川工程职业技术大学,,,392,116073,,,50,,,0,0
河南,2024,,专科,7455,四川交通职业技术学院,,,391,326146,,,20,,,0,0
河南,2024,,专科,7456,石家庄铁路职业技术学院,,,363,94756,,,80,,,0,0
河南,2024,,专科,7459,常州信息职业技术学院,,,402,89086,,,24,,,0,0
河南,2024,,专科,7462,青岛港湾职业技术学院,,,196,147230,,,72,,,0,0
河南,2024,,专科,7463,江苏建筑职业技术学院,,,380,331325,,,36,,,0,0
河南,2024,,专科,7464,潍坊食品科技职业学院,,,185,346227,,,118,,,0,0
河南,2024,,专科,7465,烟台城市科技职业学院,,,193,320871,,,50,,,0,0
河南,2024,,专科,7474,桂林信息工程职业学院,,,180,350200,,,52,,,0,0
河南,2024,,专科,7476,喀什理工职业技术学院,,,172,284997,,,303,,,0,0
河南,2024,,专科,7477,图木舒克职业技术学院,,,233,282658,,,1000,,,0,0
河南,2024,,专科,7478,可克达拉职业技术学院,,,212,263497,,,223,,,0,0
河南,2024,,专科,7479,新星职业技术学院,,,207,263497,,,301,,,0,0
河南,2024,,专科,7480,昆玉职业技术学院,,,180,278008,,,655,,,0,0
河南,2024,,专科,7504,双河职业技术学院,,,208,306767,,,95,,,0,0
河南,2024,,专科,7608,上海杉达学院,,,374,138265,,,6,,,0,0
河南,2024,,专科,7609,上海建桥学院,,,326,194558,,,42,,,0,0
河南,2024,,专科,7614,烟台南山学院,,,187,295137,,,87,,,0,0
河南,2024,,专科,7616,武汉生物工程学院,,,186,131835,,,134,,,0,0
河南,2024,,专科,7618,湖南涉外经济学院,,,165,354094,,,59,,,0,0
河南,2024,,专科,7621,西安翻译学院,,,195,193331,,,37,,,0,0
河南,2024,,专科,7622,西安欧亚学院,,,317,185940,,,35,,,0,0
河南,2024,,专科,7623,西安外事学院,,,351,106137,,,190,,,0,0
河南,2024,,专科,7626,南昌理工学院,,,186,163100,,,105,,,0,0
河南,2024,,专科,7627,西安思源学院,,,178,187140,,,160,,,0,0
河南,2024,,专科,7628,陕西国际商贸学院,,,166,215623,,,59,,,0,0
河南,2024,,专科,7629,齐鲁医药学院,,,175,136143,,,110,,,0,0
河南,2024,,专科,7634,潍坊科技学院,,,268,276828,,,20,,,0,0
河南,2024,,专科,7635,天津天狮学院,,,167,342249,,,23,,,0,0
河南,2024,,专科,7636,海口经济学院,,,168,192108,,,230,,,0,0
河南,2024,,专科,7701,天津中德应用技术大学,,,407,117061,,,25,,,0,0
河南,2024,,专科,7701,天津中德应用技术大学(较高收费),,,377,356411,,,15,,,0,0
河南,2024,,专科,7702,广州民航职业技术学院,,,399,101443,,,135,,,0,0
河南,2024,,专科,7702,广州民航职业技术学院(较高收费),,,386,338137,,,51,,,0,0
河南,2024,,专科,7703,北京农业职业学院,,,397,125470,,,20,,,0,0
河南,2024,,专科,7704,河北化工医药职业技术学院,,,336,185940,,,10,,,0,0
河南,2024,,专科,7705,南京科技职业学院,,,395,81801,,,70,,,0,0
河南,2024,,专科,7706,南京信息职业技术学院,,,414,90950,,,46,,,0,0
河南,2024,,专科,7707,广州番禺职业技术学院,,,290,122317,,,65,,,0,0
河南,2024,,专科,7709,江苏商贸职业学院,,,216,110064,,,105,,,0,0
河南,2024,,专科,7710,江苏财会职业学院,,,370,115062,,,100,,,0,0
河南,2024,,专科,7711,江苏城乡建设职业学院,,,341,190897,,,20,,,0,0
河南,2024,,专科,7712,江苏航空职业技术学院,,,363,119130,,,115,,,0,0
河南,2024,,专科,7713,江苏安全技术职业学院,,,349,160737,,,97,,,0,0
河南,2024,,专科,7715,皖西卫生职业学院,,,379,142688,,,35,,,0,0
河南,2024,,专科,7717,皖北卫生职业学院,,,307,128701,,,60,,,0,0
河南,2024,,专科,7719,南昌影视传播职业学院,,,226,286103,,,20,,,0,0
河南,2024,,专科,7721,长江艺术工程职业学院,,,212,283843,,,178,,,0,0
河南,2024,,专科,7722,武汉铁路桥梁职业学院,,,381,101443,,,80,,,0,0
河南,2024,,专科,7723,青海高等职业技术学院,,,253,278008,,,5,,,0,0
河南,2024,,专科,7726,宣化科技职业学院,,,318,210592,,,10,,,0,0
河南,2024,,专科,7727,唐山幼儿师范高等专科学校,,,363,123355,,,16,,,0,0
河南,2024,,专科,7728,包头铁道职业技术学院,,,374,144946,,,12,,,0,0
河南,2024,,专科,7901,石家庄医学高等专科学校,,,320,208211,,,58,,,0,0
河南,2024,,专科,7901,石家庄医学高等专科学校(较高收费),,,358,172653,,,2,,,0,0
河南,2024,,专科,7902,石家庄人民医学高等专科学校,,,294,176357,,,17,,,0,0
河南,2024,,专科,7903,西安医学高等专科学校,,,326,126542,,,60,,,0,0
河南,2024,,专科,8001,新疆生产建设兵团兴新职业技术学院,,,228,204486,,,73,,,0,0
河南,2024,,专科,8003,长沙航空职业技术学院,,,416,97632,,,55,,,0,0
河南,2024,,专科,8007,新疆石河子职业技术学院,,,207,178774,,,250,,,0,0
河南,2024,,专科,8008,天津铁道职业技术学院,,,380,108140,,,140,,,0,0
河南,2024,,专科,8009,天津城市建设管理职业技术学院,,,319,175097,,,112,,,0,0
河南,2024,,专科,8010,天津生物工程职业技术学院,,,319,179942,,,40,,,0,0
河南,2024,,专科,8011,北京工业职业技术学院,,,399,107145,,,40,,,0,0
河南,2024,,专科,8012,北京信息职业技术学院,,,400,117061,,,30,,,0,0
河南,2024,,专科,8013,天津海运职业学院,,,324,195775,,,28,,,0,0
河南,2024,,专科,8016,北京科技经营管理学院,,,210,320871,,,18,,,0,0
河南,2024,,专科,8017,北京劳动保障职业学院,,,388,124423,,,40,,,0,0
河南,2024,,专科,8018,北京网络职业学院,,,228,228379,,,60,,,0,0
河南,2024,,专科,8025,包头钢铁职业技术学院,,,165,348714,,,41,,,0,0
河南,2024,,专科,8043,辽宁传媒学院,,,165,353501,,,166,,,0,0
河南,2024,,专科,8048,北京经贸职业学院,,,230,272001,,,60,,,0,0
河南,2024,,专科,8053,天津滨海职业学院,,,326,182257,,,136,,,0,0
河南,2024,,专科,8054,天津渤海职业技术学院,,,350,165477,,,62,,,0,0
河南,2024,,专科,8055,天津现代职业技术学院,,,398,104214,,,110,,,0,0
河南,2024,,专科,8056,吉林水利电力职业学院,,,356,391041,,,8,,,0,0
河南,2024,,专科,8057,天津电子信息职业技术学院,,,392,103279,,,100,,,0,0
河南,2024,,专科,8060,天津机电职业技术学院,,,389,108140,,,45,,,0,0
河南,2024,,专科,8061,天津交通职业学院,,,359,136143,,,110,,,0,0
河南,2024,,专科,8062,天津轻工职业技术学院,,,387,112018,,,78,,,0,0
河南,2024,,专科,8063,天津商务职业学院,,,350,99502,,,109,,,0,0
河南,2024,,专科,8064,天津国土资源和房屋职业学院,,,301,188463,,,40,,,0,0
河南,2024,,专科,8065,天津公安警官职业学院,,,352,142688,,,38,,,0,0
河南,2024,,专科,8066,天津艺术职业学院,,,332,159575,,,10,,,0,0
河南,2024,,专科,8067,天津职业大学,,,315,86369,,,207,,,0,0
河南,2024,,专科,8094,天津工业职业学院,,,323,187140,,,120,,,0,0
河南,2024,,专科,8095,天津石油职业技术学院,,,317,171475,,,210,,,0,0
河南,2024,,专科,8096,天津城市职业学院,,,264,147230,,,60,,,0,0
河南,2024,,专科,8097,北京科技职业学院,,,291,188463,,,36,,,0,0
河南,2024,,专科,8098,哈尔滨城市职业学院,,,172,344806,,,28,,,0,0
河南,2024,,专科,8099,上海电影艺术职业学院,,,173,353282,,,13,,,0,0
河南,2024,,专科,8101,张家口职业技术学院,,,280,229627,,,31,,,0,0
河南,2024,,专科,8103,衡水职业技术学院,,,305,238627,,,5,,,0,0
河南,2024,,专科,8104,秦皇岛职业技术学院,,,268,283843,,,15,,,0,0
河南,2024,,专科,8108,邯郸职业技术学院,,,330,193331,,,16,,,0,0
河南,2024,,专科,8110,石家庄职业技术学院,,,368,141559,,,8,,,0,0
河南,2024,,专科,8111,河北软件职业技术学院,,,373,155055,,,10,,,0,0
河南,2024,,专科,8112,河北交通职业技术学院,,,316,214351,,,26,,,0,0
河南,2024,,专科,8113,河北轨道运输职业技术学院,,,395,105172,,,50,,,0,0
河南,2024,,专科,8115,承德护理职业学院,,,380,111032,,,25,,,0,0
河南,2024,,专科,8116,河北建材职业技术学院,,,339,195775,,,4,,,0,0
河南,2024,,专科,8117,河北能源职业技术学院,,,252,301559,,,5,,,0,0
河南,2024,,专科,8119,佳木斯职业学院,,,182,299463,,,143,,,0,0
河南,2024,,专科,8122,河北对外经贸职业学院,,,284,213040,,,50,,,0,0
河南,2024,,专科,8123,河北旅游职业学院,,,280,259838,,,15,,,0,0
河南,2024,,专科,8124,河北政法职业学院,,,371,97632,,,30,,,0,0
河南,2024,,专科,8126,大连枫叶职业技术学院,,,166,275628,,,204,,,0,0
河南,2024,,专科,8128,石家庄工程职业学院,,,195,345807,,,2,,,0,0
河南,2024,,专科,8129,石家庄城市经济职业学院,,,197,553916,,,6,,,0,0
河南,2024,,专科,8132,哈尔滨传媒职业学院,,,165,337551,,,268,,,0,0
河南,2024,,专科,8143,河北资源环境职业技术学院,,,191,275628,,,50,,,0,0
河南,2024,,专科,8150,苏州百年职业学院,,,165,336258,,,285,,,0,0
河南,2024,,专科,8158,黑龙江民族职业学院,,,170,228379,,,32,,,0,0
河南,2024,,专科,8161,晋城职业技术学院,,,337,421836,,,10,,,0,0
河南,2024,,专科,8163,长治职业技术学院,,,283,241204,,,20,,,0,0
河南,2024,,专科,8168,山西水利职业技术学院,,,345,177584,,,20,,,0,0
河南,2024,,专科,8169,山西机电职业技术学院,,,373,362695,,,5,,,0,0
河南,2024,,专科,8170,山西工程职业学院,,,366,119130,,,15,,,0,0
河南,2024,,专科,8193,内蒙古北方职业技术学院,,,193,447406,,,50,,,0,0
河南,2024,,专科,8196,太原城市职业技术学院,,,301,243749,,,5,,,0,0
河南,2024,,专科,8198,昆山登云科技职业学院,,,186,337551,,,100,,,0,0
河南,2024,,专科,8199,南京视觉艺术职业学院,,,177,352305,,,26,,,0,0
河南,2024,,专科,8200,三明医学科技职业学院,,,340,158445,,,33,,,0,0
河南,2024,,专科,8203,内蒙古建筑职业技术学院,,,317,384918,,,6,,,0,0
河南,2024,,专科,8206,福州软件职业技术学院,,,166,319122,,,30,,,0,0
河南,2024,,专科,8209,厦门兴才职业技术学院,,,270,281528,,,25,,,0,0
河南,2024,,专科,8215,阿拉善职业技术学院,,,221,329979,,,5,,,0,0
河南,2024,,专科,8216,山东工程职业技术大学,,,194,287210,,,52,,,0,0
河南,2024,,专科,8218,山东外国语职业技术大学,,,186,324346,,,56,,,0,0
河南,2024,,专科,8219,潍坊工商职业学院,,,183,215623,,,205,,,0,0
河南,2024,,专科,8223,山东药品食品职业学院,,,347,137189,,,20,,,0,0
河南,2024,,专科,8224,湖南安全技术职业学院,,,331,426114,,,10,,,0,0
河南,2024,,专科,8225,柳州铁道职业技术学院,,,378,119130,,,60,,,0,0
河南,2024,,专科,8227,广西英华国际职业学院,,,165,566692,,,32,,,0,0
河南,2024,,专科,8228,重庆工商职业学院,,,381,99502,,,82,,,0,0
河南,2024,,专科,8228,重庆工商职业学院(较高收费),,,304,163100,,,3,,,0,0
河南,2024,,专科,8230,四川文化传媒职业学院,,,167,308785,,,26,,,0,0
河南,2024,,专科,8231,盘锦职业技术学院,,,279,242461,,,126,,,0,0
河南,2024,,专科,8232,四川华新现代职业学院,,,228,297318,,,113,,,0,0
河南,2024,,专科,8233,大连职业技术学院,,,194,156165,,,148,,,0,0
河南,2024,,专科,8234,辽阳职业技术学院,,,305,215623,,,105,,,0,0
河南,2024,,专科,8235,营口职业技术学院,,,182,182257,,,119,,,0,0
河南,2024,,专科,8236,辽宁石化职业技术学院,,,302,444800,,,73,,,0,0
河南,2024,,专科,8237,辽宁机电职业技术学院,,,330,161929,,,80,,,0,0
河南,2024,,专科,8238,辽宁轨道交通职业学院,,,367,358004,,,65,,,0,0
河南,2024,,专科,8239,渤海船舶职业学院,,,344,153894,,,135,,,0,0
河南,2024,,专科,8240,辽宁金融职业学院,,,181,155055,,,100,,,0,0
河南,2024,,专科,8240,辽宁金融职业学院(较高收费),,,174,353020,,,7,,,0,0
河南,2024,,专科,8241,辽宁经济职业技术学院,,,182,151664,,,116,,,0,0
河南,2024,,专科,8246,辽宁广告职业学院,,,191,324346,,,164,,,0,0
河南,2024,,专科,8254,陕西青年职业学院,,,357,123355,,,120,,,0,0
河南,2024,,专科,8257,陕西工商职业学院,,,319,194558,,,132,,,0,0
河南,2024,,专科,8258,西安信息职业大学,,,189,110064,,,281,,,0,0
河南,2024,,专科,8261,陕西旅游烹饪职业学院,,,167,301559,,,188,,,0,0
河南,2024,,专科,8269,辽宁农业职业技术学院,,,257,144946,,,90,,,0,0
河南,2024,,专科,8282,辽宁地质工程职业学院,,,201,263497,,,75,,,0,0
河南,2024,,专科,8289,抚顺职业技术学院,,,281,258571,,,65,,,0,0
河南,2024,,专科,8301,辽源职业技术学院,,,175,199480,,,23,,,0,0
河南,2024,,专科,8303,吉林电子信息职业技术学院,,,291,208211,,,9,,,0,0
河南,2024,,专科,8304,吉林工业职业技术学院,,,271,280373,,,30,,,0,0
河南,2024,,专科,8305,吉林交通职业技术学院,,,350,131835,,,10,,,0,0
河南,2024,,专科,8306,吉林工程职业学院,,,207,298370,,,21,,,0,0
河南,2024,,专科,8307,吉林司法警官职业学院,,,335,157276,,,30,,,0,0
河南,2024,,专科,8308,四平职业大学,,,186,346661,,,50,,,0,0
河南,2024,,专科,8309,长春东方职业学院,,,281,489410,,,3,,,0,0
河南,2024,,专科,8310,江苏医药职业学院,,,397,319290,,,10,,,0,0
河南,2024,,专科,8311,苏州卫生职业技术学院,,,412,88171,,,12,,,0,0
河南,2024,,专科,8314,广西经济职业学院,,,167,278008,,,245,,,0,0
河南,2024,,专科,8316,北京经济管理职业学院,,,289,119130,,,49,,,0,0
河南,2024,,专科,8317,烟台汽车工程职业学院,,,279,211760,,,50,,,0,0
河南,2024,,专科,8326,重庆财经职业学院,,,372,93783,,,57,,,0,0
河南,2024,,专科,8326,重庆财经职业学院(较高收费),,,310,194558,,,3,,,0,0
河南,2024,,专科,8327,安徽绿海商务职业学院,,,188,252368,,,20,,,0,0
河南,2024,,专科,8328,广州城建职业学院,,,168,225815,,,101,,,0,0
河南,2024,,专科,8329,江西新能源科技职业学院,,,250,228379,,,160,,,0,0
河南,2024,,专科,8330,江西枫林涉外经贸职业学院,,,234,303652,,,90,,,0,0
河南,2024,,专科,8331,江西泰豪动漫职业学院,,,181,304651,,,130,,,0,0
河南,2024,,专科,8332,广西理工职业技术学院,,,168,332875,,,45,,,0,0
河南,2024,,专科,8333,重庆科创职业学院,,,169,213040,,,27,,,0,0
河南,2024,,专科,8333,重庆科创职业学院(较高收费),,,303,241204,,,2,,,0,0
河南,2024,,专科,8335,辽宁建筑职业学院,,,245,259838,,,95,,,0,0
河南,2024,,专科,8336,山东传媒职业学院,,,324,205713,,,15,,,0,0
河南,2024,,专科,8337,临沂职业学院,,,282,242461,,,40,,,0,0
河南,2024,,专科,8338,湖北工程职业学院,,,348,147230,,,60,,,0,0
河南,2024,,专科,8339,河北劳动关系职业学院,,,296,200717,,,10,,,0,0
河南,2024,,专科,8340,吉林铁道职业技术学院,,,379,91935,,,40,,,0,0
河南,2024,,专科,8350,吉林城市职业技术学院,,,192,340559,,,6,,,0,0
河南,2024,,专科,8368,黑龙江交通职业技术学院,,,361,106137,,,185,,,0,0
河南,2024,,专科,8369,浙江国际海运职业技术学院,,,351,164357,,,22,,,0,0
河南,2024,,专科,8371,伊春职业学院,,,178,109100,,,64,,,0,0
河南,2024,,专科,8372,大庆职业学院,,,314,192108,,,87,,,0,0
河南,2024,,专科,8373,哈尔滨职业技术大学,,,197,109100,,,196,,,0,0
河南,2024,,专科,8374,大兴安岭职业学院,,,197,158445,,,80,,,0,0
河南,2024,,专科,8375,哈尔滨电力职业技术学院,,,388,333029,,,10,,,0,0
河南,2024,,专科,8376,哈尔滨铁道职业技术学院,,,379,121221,,,150,,,0,0
河南,2024,,专科,8377,黑龙江建筑职业技术学院,,,276,172653,,,30,,,0,0
河南,2024,,专科,8377,黑龙江建筑职业技术学院(较高收费),,,184,559968,,,5,,,0,0
河南,2024,,专科,8379,黑龙江农业工程职业学院,,,327,125470,,,10,,,0,0
河南,2024,,专科,8380,黑龙江农业经济职业学院,,,168,209403,,,24,,,0,0
河南,2024,,专科,8381,黑龙江农垦职业学院,,,329,167884,,,73,,,0,0
河南,2024,,专科,8383,黑龙江林业职业技术学院,,,174,259838,,,83,,,0,0
河南,2024,,专科,8384,黑龙江司法警官职业学院,,,346,156165,,,20,,,0,0
河南,2024,,专科,8385,黑龙江艺术职业学院,,,254,275628,,,65,,,0,0
河南,2024,,专科,8387,牡丹江大学,,,266,249886,,,56,,,0,0
河南,2024,,专科,8410,福建生物工程职业技术学院,,,313,153894,,,45,,,0,0
河南,2024,,专科,8412,厦门城市职业学院,,,198,121224,,,93,,,0,0
河南,2024,,专科,8416,山东商务职业学院,,,186,236020,,,90,,,0,0
河南,2024,,专科,8417,山东轻工职业学院,,,270,281528,,,2,,,0,0
河南,2024,,专科,8431,三亚理工职业学院,,,225,248630,,,43,,,0,0
河南,2024,,专科,8434,江西冶金职业技术学院,,,194,187140,,,58,,,0,0
河南,2024,,专科,8435,山东理工职业学院,,,367,161929,,,5,,,0,0
河南,2024,,专科,8439,大连航运职业技术学院,,,254,275628,,,24,,,0,0
河南,2024,,专科,8440,大连汽车职业技术学院,,,185,249886,,,86,,,0,0
河南,2024,,专科,8442,上海行健职业学院,,,366,142688,,,100,,,0,0
河南,2024,,专科,8442,上海行健职业学院(较高收费),,,344,183468,,,8,,,0,0
河南,2024,,专科,8443,大连装备制造职业技术学院,,,236,290595,,,110,,,0,0
河南,2024,,专科,8444,三峡电力职业学院,,,283,120171,,,83,,,0,0
河南,2024,,专科,8445,上海科学技术职业学院,,,358,86369,,,105,,,0,0
河南,2024,,专科,8446,上海电子信息职业技术学院,,,389,90950,,,159,,,0,0
河南,2024,,专科,8446,上海电子信息职业技术学院(较高收费),,,378,147230,,,10,,,0,0
河南,2024,,专科,8447,上海交通职业技术学院,,,360,123355,,,87,,,0,0
河南,2024,,专科,8448,上海城建职业学院,,,359,108140,,,140,,,0,0
河南,2024,,专科,8450,上海农林职业技术学院,,,384,102361,,,90,,,0,0
河南,2024,,专科,8451,湖南外国语职业学院,,,166,347886,,,91,,,0,0
河南,2024,,专科,8452,吉林科技职业技术学院,,,183,270820,,,76,,,0,0
河南,2024,,专科,8453,上海工商职业技术学院,,,185,199480,,,141,,,0,0
河南,2024,,专科,8453,上海工商职业技术学院(较高收费),,,191,556832,,,2,,,0,0
河南,2024,,专科,8454,上海中侨职业技术大学,,,204,227080,,,49,,,0,0
河南,2024,,专科,8455,上海邦德职业技术学院,,,167,233498,,,104,,,0,0
河南,2024,,专科,8456,哈尔滨应用职业技术学院,,,165,353871,,,515,,,0,0
河南,2024,,专科,8457,上海东海职业技术学院,,,184,310681,,,134,,,0,0
河南,2024,,专科,8458,上海工商外国语职业学院,,,166,290595,,,103,,,0,0
河南,2024,,专科,8458,上海工商外国语职业学院(较高收费),,,194,310681,,,7,,,0,0
河南,2024,,专科,8459,上海济光职业技术学院,,,216,230920,,,190,,,0,0
河南,2024,,专科,8462,上海科创职业技术学院,,,360,142688,,,34,,,0,0
河南,2024,,专科,8463,上海闵行职业技术学院,,,352,167884,,,19,,,0,0
河南,2024,,专科,8464,上海现代化工职业学院,,,320,219452,,,37,,,0,0
河南,2024,,专科,8465,上海建设管理职业技术学院,,,314,172653,,,31,,,0,0
河南,2024,,专科,8471,广州科技贸易职业学院,,,339,121221,,,45,,,0,0
河南,2024,,专科,8480,四川文化产业职业学院,,,358,146084,,,30,,,0,0
河南,2024,,专科,8481,哈尔滨科学技术职业学院,,,263,199480,,,140,,,0,0
河南,2024,,专科,8483,蚌埠经济技术职业学院,,,288,239914,,,20,,,0,0
河南,2024,,专科,8484,福建卫生职业技术学院,,,174,118080,,,60,,,0,0
河南,2024,,专科,8488,泉州工艺美术职业学院,,,268,283843,,,20,,,0,0
河南,2024,,专科,8490,宁德职业技术学院,,,332,138265,,,40,,,0,0
河南,2024,,专科,8492,厦门软件职业技术学院,,,305,463281,,,5,,,0,0
河南,2024,,专科,8493,漳州城市职业学院,,,213,72330,,,95,,,0,0
河南,2024,,专科,8494,厦门南洋职业学院,,,259,258571,,,20,,,0,0
河南,2024,,专科,8496,湖北科技职业学院,,,363,141559,,,150,,,0,0
河南,2024,,专科,8499,湖南电子科技职业学院,,,166,354660,,,34,,,0,0
河南,2024,,专科,8500,中山职业技术学院,,,323,202002,,,67,,,0,0
河南,2024,,专科,8501,泰州职业技术学院,,,374,109100,,,40,,,0,0
河南,2024,,专科,8502,无锡职业技术学院,,,438,78317,,,36,,,0,0
河南,2024,,专科,8503,苏州工业园区职业技术学院,,,265,99502,,,131,,,0,0
河南,2024,,专科,8504,江阴职业技术学院,,,350,182257,,,20,,,0,0
河南,2024,,专科,8505,宿迁职业技术学院,,,213,142688,,,91,,,0,0
河南,2024,,专科,8506,苏州工业园区服务外包职业学院,,,358,170278,,,20,,,0,0
河南,2024,,专科,8507,连云港职业技术学院,,,358,160737,,,35,,,0,0
河南,2024,,专科,8509,江苏工程职业技术学院,,,400,119130,,,5,,,0,0
河南,2024,,专科,8510,南京机电职业技术学院,,,385,102361,,,11,,,0,0
河南,2024,,专科,8511,江苏航运职业技术学院,,,379,132909,,,95,,,0,0
河南,2024,,专科,8512,南京交通职业技术学院,,,389,124423,,,90,,,0,0
河南,2024,,专科,8513,江苏电子信息职业学院,,,376,135035,,,131,,,0,0
河南,2024,,专科,8514,常州纺织服装职业技术学院,,,285,179942,,,42,,,0,0
河南,2024,,专科,8515,盐城工业职业技术学院,,,289,184634,,,115,,,0,0
河南,2024,,专科,8516,渤海理工职业学院,,,270,281528,,,5,,,0,0
河南,2024,,专科,8517,常州工程职业技术学院,,,380,126542,,,40,,,0,0
河南,2024,,专科,8518,常州工业职业技术学院,,,346,187140,,,10,,,0,0
河南,2024,,专科,8519,常州机电职业技术学院,,,403,111032,,,40,,,0,0
河南,2024,,专科,8520,徐州工业职业技术学院,,,380,113010,,,116,,,0,0
河南,2024,,专科,8521,江苏食品药品职业技术学院,,,380,133921,,,30,,,0,0
河南,2024,,专科,8522,江苏信息职业技术学院,,,365,160737,,,50,,,0,0
河南,2024,,专科,8524,江苏农牧科技职业学院,,,392,94756,,,90,,,0,0
河南,2024,,专科,8525,苏州农业职业技术学院,,,384,89086,,,15,,,0,0
河南,2024,,专科,8526,江苏农林职业技术学院,,,397,119130,,,6,,,0,0
河南,2024,,专科,8527,无锡商业职业技术学院,,,381,107145,,,90,,,0,0
河南,2024,,专科,8530,苏州市职业大学,,,402,93783,,,10,,,0,0
河南,2024,,专科,8531,扬州市职业大学,,,385,110064,,,20,,,0,0
河南,2024,,专科,8532,南通职业大学,,,380,106137,,,185,,,0,0
河南,2024,,专科,8533,苏州高博职业学院,,,217,262255,,,94,,,0,0
河南,2024,,专科,8534,沙洲职业工学院,,,367,151664,,,30,,,0,0
河南,2024,,专科,8535,苏州信息职业技术学院,,,355,176357,,,40,,,0,0
河南,2024,,专科,8536,明达职业技术学院,,,187,341691,,,330,,,0,0
河南,2024,,专科,8537,正德职业技术学院,,,273,278008,,,9,,,0,0
河南,2024,,专科,8538,无锡南洋职业技术学院,,,186,258571,,,223,,,0,0
河南,2024,,专科,8539,太湖创意职业技术学院,,,296,248630,,,3,,,0,0
河南,2024,,专科,8540,炎黄职业技术学院,,,170,351432,,,138,,,0,0
河南,2024,,专科,8541,金肯职业技术学院,,,186,349491,,,23,,,0,0
河南,2024,,专科,8543,九州职业技术学院,,,269,239914,,,10,,,0,0
河南,2024,,专科,8544,硅湖职业技术学院,,,177,213040,,,69,,,0,0
河南,2024,,专科,8545,钟山职业技术学院,,,258,292896,,,20,,,0,0
河南,2024,,专科,8546,江苏护理职业学院,,,395,92844,,,20,,,0,0
河南,2024,,专科,8550,南京城市职业学院,,,386,102361,,,133,,,0,0
河南,2024,,专科,8558,浙江同济科技职业学院,,,391,120171,,,61,,,0,0
河南,2024,,专科,8561,浙江邮电职业技术学院,,,392,104214,,,10,,,0,0
河南,2024,,专科,8563,浙江农业商贸职业学院,,,372,142688,,,35,,,0,0
河南,2024,,专科,8564,浙江安防职业技术学院,,,377,132909,,,15,,,0,0
河南,2024,,专科,8572,合肥共达职业技术学院,,,250,280373,,,8,,,0,0
河南,2024,,专科,8576,江苏海事职业技术学院,,,387,104214,,,102,,,0,0
河南,2024,,专科,8578,南通科技职业学院,,,342,158445,,,84,,,0,0
河南,2024,,专科,8579,苏州工业职业技术学院,,,402,111032,,,20,,,0,0
河南,2024,,专科,8580,苏州经贸职业技术学院,,,362,92844,,,80,,,0,0
河南,2024,,专科,8581,杭州职业技术学院,,,418,70594,,,30,,,0,0
河南,2024,,专科,8582,义乌工商职业技术学院,,,377,115062,,,90,,,0,0
河南,2024,,专科,8583,宁波职业技术学院,,,418,61381,,,10,,,0,0
河南,2024,,专科,8584,温州职业技术学院,,,403,101443,,,20,,,0,0
河南,2024,,专科,8586,嘉兴职业技术学院,,,368,156165,,,45,,,0,0
河南,2024,,专科,8587,湖州职业技术学院,,,357,144946,,,20,,,0,0
河南,2024,,专科,8589,丽水职业技术学院,,,369,152758,,,10,,,0,0
河南,2024,,专科,8590,浙江交通职业技术学院,,,387,314079,,,10,,,0,0
河南,2024,,专科,8591,浙江机电职业技术大学,,,406,104214,,,50,,,0,0
河南,2024,,专科,8592,浙江工业职业技术学院,,,385,130725,,,60,,,0,0
河南,2024,,专科,8593,浙江建设职业技术学院,,,383,93783,,,60,,,0,0
河南,2024,,专科,8595,浙江工贸职业技术学院,,,391,98536,,,46,,,0,0
河南,2024,,专科,8597,浙江工商职业技术学院,,,390,100480,,,30,,,0,0
河南,2024,,专科,8598,浙江商业职业技术学院,,,391,84476,,,50,,,0,0
河南,2024,,专科,8599,浙江旅游职业学院,,,197,117061,,,13,,,0,0
河南,2024,,专科,8600,浙江金融职业学院,,,403,89984,,,40,,,0,0
河南,2024,,专科,8601,浙江经济职业技术学院,,,406,91935,,,58,,,0,0
河南,2024,,专科,8602,浙江经贸职业技术学院,,,397,69738,,,60,,,0,0
河南,2024,,专科,8603,厦门安防科技职业学院,,,223,242461,,,2,,,0,0
河南,2024,,专科,8606,泉州海洋职业学院,,,210,298370,,,101,,,0,0
河南,2024,,专科,8607,金华职业技术大学,,,420,73188,,,45,,,0,0
河南,2024,,专科,8609,宁波财经学院,,,353,178774,,,7,,,0,0
河南,2024,,专科,8613,江西水利职业学院,,,283,165477,,,40,,,0,0
河南,2024,,专科,8614,江西洪州职业学院,,,202,342249,,,2,,,0,0
河南,2024,,专科,8615,烟台黄金职业学院,,,172,295137,,,125,,,0,0
河南,2024,,专科,8619,广东舞蹈戏剧职业学院,,,188,348714,,,4,,,0,0
河南,2024,,专科,8620,惠州卫生职业技术学院,,,302,107145,,,29,,,0,0
河南,2024,,专科,8622,广州东华职业学院,,,176,349099,,,89,,,0,0
河南,2024,,专科,8623,广东信息工程职业学院,,,194,299463,,,16,,,0,0
河南,2024,,专科,8624,广东酒店管理职业技术学院,,,166,346661,,,122,,,0,0
河南,2024,,专科,8628,广州松田职业学院,,,186,282658,,,28,,,0,0
河南,2024,,专科,8629,广州华商职业学院,,,213,216878,,,110,,,0,0
河南,2024,,专科,8630,广州华夏职业学院,,,176,342249,,,110,,,0,0
河南,2024,,专科,8631,广东环境保护工程职业学院,,,331,166696,,,62,,,0,0
河南,2024,,专科,8632,广东南方职业学院,,,167,351158,,,121,,,0,0
河南,2024,,专科,8633,广州珠江职业技术学院,,,165,351716,,,41,,,0,0
河南,2024,,专科,8634,广东文理职业学院,,,168,316372,,,119,,,0,0
河南,2024,,专科,8635,广西卫生职业技术学院,,,344,152758,,,20,,,0,0
河南,2024,,专科,8636,重庆交通职业学院,,,165,566692,,,34,,,0,0
河南,2024,,专科,8637,重庆旅游职业学院,,,213,156165,,,118,,,0,0
河南,2024,,专科,8641,淮南职业技术学院,,,318,214351,,,40,,,0,0
河南,2024,,专科,8642,阜阳职业技术学院,,,333,122317,,,20,,,0,0
河南,2024,,专科,8643,合肥通用职业技术学院,,,315,91935,,,20,,,0,0
河南,2024,,专科,8644,六安职业技术学院,,,225,202002,,,66,,,0,0
河南,2024,,专科,8648,宣城职业技术学院,,,302,242461,,,30,,,0,0
河南,2024,,专科,8649,淮北职业技术学院,,,337,173834,,,10,,,0,0
河南,2024,,专科,8651,芜湖职业技术学院,,,356,170278,,,20,,,0,0
河南,2024,,专科,8653,安徽电子信息职业技术学院,,,328,182257,,,30,,,0,0
河南,2024,,专科,8654,安徽交通职业技术学院,,,344,177584,,,40,,,0,0
河南,2024,,专科,8655,安徽职业技术学院,,,395,107145,,,10,,,0,0
河南,2024,,专科,8659,安徽警官职业学院,,,352,125470,,,20,,,0,0
河南,2024,,专科,8662,淮南联合大学,,,360,142688,,,20,,,0,0
河南,2024,,专科,8669,民办合肥经济技术职业学院,,,188,169090,,,20,,,0,0
河南,2024,,专科,8672,广西金融职业技术学院,,,180,282658,,,42,,,0,0
河南,2024,,专科,8675,四川科技职业学院,,,256,247438,,,15,,,0,0
河南,2024,,专科,8676,漳州科技职业学院,,,197,316372,,,40,,,0,0
河南,2024,,专科,8680,重庆化工职业学院,,,266,233498,,,40,,,0,0
河南,2024,,专科,8681,重庆安全技术职业学院,,,356,148347,,,30,,,0,0
河南,2024,,专科,8686,漳州卫生职业学院,,,190,104214,,,135,,,0,0
河南,2024,,专科,8687,江西传媒职业学院,,,183,287210,,,90,,,0,0
河南,2024,,专科,8688,泉州经贸职业技术学院,,,307,229627,,,20,,,0,0
河南,2024,,专科,8689,湄洲湾职业技术学院,,,320,443519,,,10,,,0,0
河南,2024,,专科,8690,山东城市建设职业学院,,,333,200717,,,25,,,0,0
河南,2024,,专科,8693,山东文化产业职业学院,,,183,301559,,,106,,,0,0
河南,2024,,专科,8695,枣庄职业学院,,,273,230920,,,30,,,0,0
河南,2024,,专科,8695,枣庄职业学院(较高收费),,,219,331470,,,20,,,0,0
河南,2024,,专科,8696,柳州城市职业学院,,,173,320871,,,70,,,0,0
河南,2024,,专科,8697,梧州职业学院,,,202,336258,,,23,,,0,0
河南,2024,,专科,8698,重庆建筑工程职业学院,,,359,148347,,,25,,,0,0
河南,2024,,专科,8699,四川城市职业学院,,,168,272001,,,94,,,0,0
河南,2024,,专科,8703,江西职业技术大学,,,385,108140,,,80,,,0,0
河南,2024,,专科,8704,江西樟树中医药职业学院,,,272,236020,,,6,,,0,0
河南,2024,,专科,8705,江西电力职业技术学院,,,400,110064,,,35,,,0,0
河南,2024,,专科,8706,江西机电职业技术学院,,,317,193331,,,35,,,0,0
河南,2024,,专科,8707,江西信息应用职业技术学院,,,323,139363,,,4,,,0,0
河南,2024,,专科,8708,江西工业工程职业技术学院,,,275,252368,,,150,,,0,0
河南,2024,,专科,8709,江西交通职业技术学院,,,372,116073,,,20,,,0,0
河南,2024,,专科,8710,江西应用技术职业学院,,,359,94756,,,16,,,0,0
河南,2024,,专科,8711,江西现代职业技术学院,,,278,216878,,,10,,,0,0
河南,2024,,专科,8713,江西环境工程职业学院,,,261,146084,,,18,,,0,0
河南,2024,,专科,8714,江西旅游商贸职业学院,,,325,173834,,,10,,,0,0
河南,2024,,专科,8715,江西财经职业学院,,,364,117061,,,20,,,0,0
河南,2024,,专科,8716,江西司法警官职业学院,,,342,157276,,,8,,,0,0
河南,2024,,专科,8718,江西艺术职业学院,,,295,242461,,,23,,,0,0
河南,2024,,专科,8719,九江职业大学,,,361,131835,,,30,,,0,0
河南,2024,,专科,8720,江西应用科技学院,,,168,349859,,,16,,,0,0
河南,2024,,专科,8721,武汉城市职业学院,,,386,94756,,,50,,,0,0
河南,2024,,专科,8722,广东科贸职业学院,,,197,132909,,,114,,,0,0
河南,2024,,专科,8723,东莞职业技术学院,,,336,111032,,,71,,,0,0
河南,2024,,专科,8723,东莞职业技术学院(较高收费),,,376,362695,,,2,,,0,0
河南,2024,,专科,8724,襄阳科技职业学院,,,295,236020,,,170,,,0,0
河南,2024,,专科,8725,宜昌科技职业学院,,,211,200717,,,55,,,0,0
河南,2024,,专科,8726,四川卫生康复职业学院,,,335,151664,,,20,,,0,0
河南,2024,,专科,8728,四川长江职业学院,,,165,324346,,,160,,,0,0
河南,2024,,专科,8731,宿迁泽达职业技术学院,,,174,345303,,,95,,,0,0
河南,2024,,专科,8732,四川三河职业学院,,,252,261047,,,30,,,0,0
河南,2024,,专科,8733,四川汽车职业技术学院,,,167,344345,,,167,,,0,0
河南,2024,,专科,8734,遂宁工程职业学院,,,186,343848,,,56,,,0,0
河南,2024,,专科,8740,温州科技职业学院,,,394,111032,,,15,,,0,0
河南,2024,,专科,8741,北京交通运输职业学院,,,400,115062,,,5,,,0,0
河南,2024,,专科,8742,廊坊燕京职业技术学院,,,184,256092,,,12,,,0,0
河南,2024,,专科,8745,杭州科技职业技术学院,,,402,99502,,,30,,,0,0
河南,2024,,专科,8746,台州科技职业学院,,,363,383397,,,14,,,0,0
河南,2024,,专科,8747,泉州轻工职业学院,,,235,301559,,,10,,,0,0
河南,2024,,专科,8748,厦门东海职业技术学院,,,165,290595,,,13,,,0,0
河南,2024,,专科,8749,广西科技职业学院,,,193,297318,,,2,,,0,0
河南,2024,,专科,8751,日照职业技术学院,,,376,128701,,,40,,,0,0
河南,2024,,专科,8754,莱芜职业技术学院,,,296,215623,,,20,,,0,0
河南,2024,,专科,8755,威海职业学院,,,345,140480,,,57,,,0,0
河南,2024,,专科,8755,威海职业学院(较高收费),,,203,550715,,,3,,,0,0
河南,2024,,专科,8756,青岛职业技术学院,,,202,132909,,,20,,,0,0
河南,2024,,专科,8758,山东劳动职业技术学院,,,310,219452,,,30,,,0,0
河南,2024,,专科,8761,潍坊职业学院,,,293,183468,,,15,,,0,0
河南,2024,,专科,8762,东营职业学院,,,273,276828,,,8,,,0,0
河南,2024,,专科,8763,淄博职业学院,,,396,117061,,,30,,,0,0
河南,2024,,专科,8764,青岛酒店管理职业技术学院,,,320,156165,,,70,,,0,0
河南,2024,,专科,8765,滨州职业学院,,,355,128701,,,60,,,0,0
河南,2024,,专科,8766,聊城职业技术学院,,,310,219452,,,55,,,0,0
河南,2024,,专科,8767,山东水利职业学院,,,209,155055,,,61,,,0,0
河南,2024,,专科,8768,山东职业学院,,,388,317599,,,35,,,0,0
河南,2024,,专科,8768,山东职业学院(较高收费),,,355,364279,,,5,,,0,0
河南,2024,,专科,8769,山东科技职业学院,,,338,159575,,,20,,,0,0
河南,2024,,专科,8770,山东服装职业学院,,,190,208211,,,62,,,0,0
河南,2024,,专科,8771,山东交通职业学院,,,304,239914,,,55,,,0,0
河南,2024,,专科,8771,山东交通职业学院(单列专业),,,308,459737,,,5,,,0,0
河南,2024,,专科,8772,山东信息职业技术学院,,,345,166696,,,45,,,0,0
河南,2024,,专科,8773,山东畜牧兽医职业学院,,,403,104214,,,40,,,0,0
河南,2024,,专科,8774,山东商业职业技术学院,,,208,158445,,,45,,,0,0
河南,2024,,专科,8775,山东外贸职业学院,,,363,103279,,,20,,,0,0
河南,2024,,专科,8777,曲阜远东职业技术学院,,,185,259838,,,28,,,0,0
河南,2024,,专科,8778,山东英才学院,,,165,333579,,,867,,,0,0
河南,2024,,专科,8779,东营科技职业学院,,,190,244976,,,120,,,0,0
河南,2024,,专科,8781,江西工商职业技术学院,,,175,347886,,,43,,,0,0
河南,2024,,专科,8781,江西工商职业技术学院(护理类较高收费),,,187,349099,,,2,,,0,0
河南,2024,,专科,8781,江西工商职业技术学院(较高收费),,,186,330738,,,3,,,0,0
河南,2024,,专科,8784,山东力明科技职业学院,,,215,184634,,,48,,,0,0
河南,2024,,专科,8784,山东力明科技职业学院(单列专业),,,344,411854,,,1,,,0,0
河南,2024,,专科,8784,山东力明科技职业学院(较高收费),,,310,232209,,,1,,,0,0
河南,2024,,专科,8785,河北工艺美术职业学院,,,237,316372,,,5,,,0,0
河南,2024,,专科,8786,山东圣翰财贸职业学院,,,185,303652,,,148,,,0,0
河南,2024,,专科,8787,山东艺术设计职业学院,,,188,347496,,,16,,,0,0
河南,2024,,专科,8790,贵州工商职业学院,,,167,327615,,,21,,,0,0
河南,2024,,专科,8792,贵州传媒职业学院,,,266,284997,,,10,,,0,0
河南,2024,,专科,8798,德宏职业学院,,,330,206957,,,20,,,0,0
河南,2024,,专科,8809,云南商务职业学院,,,195,345303,,,20,,,0,0
河南,2024,,专科,8820,上海民航职业技术学院,,,393,101443,,,94,,,0,0
河南,2024,,专科,8824,江苏卫生健康职业学院,,,389,85422,,,26,,,0,0
河南,2024,,专科,8825,徐州生物工程职业技术学院,,,371,109100,,,60,,,0,0
河南,2024,,专科,8826,西藏职业技术学院,,,260,103279,,,40,,,0,0
河南,2024,,专科,8827,新疆应用职业技术学院,,,209,265935,,,72,,,0,0
河南,2024,,专科,8830,沈阳北软信息职业技术学院,,,169,286103,,,248,,,0,0
河南,2024,,专科,8831,恩施职业技术学院,,,267,233498,,,120,,,0,0
河南,2024,,专科,8832,辽宁轻工职业学院,,,196,177584,,,101,,,0,0
河南,2024,,专科,8833,湖北铁道运输职业学院,,,382,118080,,,100,,,0,0
河南,2024,,专科,8834,黄冈职业技术学院,,,231,104214,,,100,,,0,0
河南,2024,,专科,8835,安徽粮食工程职业学院,,,316,185940,,,10,,,0,0
河南,2024,,专科,8836,荆州职业技术学院,,,215,151664,,,112,,,0,0
河南,2024,,专科,8837,湖北工业职业技术学院,,,196,138265,,,118,,,0,0
河南,2024,,专科,8838,武汉职业技术学院,,,405,89984,,,195,,,0,0
河南,2024,,专科,8839,仙桃职业学院,,,315,175097,,,226,,,0,0
河南,2024,,专科,8840,襄阳职业技术学院,,,213,81801,,,142,,,0,0
河南,2024,,专科,8841,湖北职业技术学院,,,340,99502,,,130,,,0,0
河南,2024,,专科,8842,武汉软件工程职业学院,,,393,94756,,,156,,,0,0
河南,2024,,专科,8843,武汉电力职业技术学院,,,406,72330,,,54,,,0,0
河南,2024,,专科,8844,湖北城市建设职业技术学院,,,314,216878,,,130,,,0,0
河南,2024,,专科,8845,湖北水利水电职业技术学院,,,257,133921,,,96,,,0,0
河南,2024,,专科,8846,廊坊卫生职业学院,,,353,157276,,,35,,,0,0
河南,2024,,专科,8847,湖北交通职业技术学院,,,198,110064,,,113,,,0,0
河南,2024,,专科,8847,湖北交通职业技术学院(较高收费),,,330,206957,,,5,,,0,0
河南,2024,,专科,8848,湖北轻工职业技术学院,,,316,155055,,,139,,,0,0
河南,2024,,专科,8849,武汉船舶职业技术学院,,,380,106137,,,161,,,0,0
河南,2024,,专科,8850,武汉工程职业技术学院,,,383,102361,,,150,,,0,0
河南,2024,,专科,8851,武汉航海职业技术学院,,,334,171475,,,32,,,0,0
河南,2024,,专科,8852,武汉警官职业学院,,,372,115062,,,85,,,0,0
河南,2024,,专科,8855,鄂州职业大学,,,193,143815,,,128,,,0,0
河南,2024,,专科,8856,荆州理工职业学院,,,193,171475,,,150,,,0,0
河南,2024,,专科,8858,湖北开放职业学院,,,238,301559,,,20,,,0,0
河南,2024,,专科,8859,长江职业学院,,,357,137189,,,113,,,0,0
河南,2024,,专科,8861,武昌职业学院,,,169,248630,,,222,,,0,0
河南,2024,,专科,8862,武汉科技职业学院,,,235,284997,,,54,,,0,0
河南,2024,,专科,8863,武汉信息传播职业技术学院,,,201,244976,,,103,,,0,0
河南,2024,,专科,8865,武汉外语外事职业学院,,,177,198241,,,53,,,0,0
河南,2024,,专科,8866,武汉商贸职业学院,,,300,167884,,,287,,,0,0
河南,2024,,专科,8867,荆门职业学院,,,251,202002,,,115,,,0,0
河南,2024,,专科,8868,长江工程职业技术学院,,,361,124423,,,120,,,0,0
河南,2024,,专科,8869,武汉光谷职业学院,,,270,264738,,,180,,,0,0
河南,2024,,专科,8870,宁夏交通职业技术学院,,,288,482228,,,5,,,0,0
河南,2024,,专科,8872,湖南三一工业职业技术学院,,,167,347496,,,49,,,0,0
河南,2024,,专科,8874,长春数字科技职业学院,,,183,341691,,,160,,,0,0
河南,2024,,专科,8880,上海浦东职业技术学院,,,353,147230,,,20,,,0,0
河南,2024,,专科,8884,陕西艺术职业学院,,,318,221992,,,4,,,0,0
河南,2024,,专科,8885,长沙卫生职业学院,,,368,76655,,,10,,,0,0
河南,2024,,专科,8888,三峡旅游职业技术学院,,,204,211760,,,64,,,0,0
河南,2024,,专科,8893,海南东方新丝路职业学院,,,167,347091,,,50,,,0,0
河南,2024,,专科,8896,随州职业技术学院,,,168,160737,,,61,,,0,0
河南,2024,,专科,8897,湖南汽车工程职业大学,,,365,148347,,,20,,,0,0
河南,2024,,专科,8899,湖南水利水电职业技术学院,,,339,159575,,,10,,,0,0
河南,2024,,专科,8905,长沙民政职业技术学院,,,313,51831,,,30,,,0,0
河南,2024,,专科,8908,湖南信息职业技术学院,,,357,173834,,,5,,,0,0
河南,2024,,专科,8909,湖南工程职业技术学院,,,351,130725,,,20,,,0,0
河南,2024,,专科,8910,长沙环境保护职业技术学院,,,319,192108,,,20,,,0,0
河南,2024,,专科,8912,湖南邮电职业技术学院,,,334,175097,,,30,,,0,0
河南,2024,,专科,8913,湖南工业职业技术学院,,,335,188463,,,19,,,0,0
河南,2024,,专科,8914,湖南交通职业技术学院,,,356,138265,,,45,,,0,0
河南,2024,,专科,8915,湖南科技职业学院,,,335,200717,,,10,,,0,0
河南,2024,,专科,8916,湖南铁道职业技术学院,,,396,88171,,,50,,,0,0
河南,2024,,专科,8918,张家界航空工业职业技术学院,,,208,129734,,,87,,,0,0
河南,2024,,专科,8919,湖南商务职业技术学院,,,285,170278,,,10,,,0,0
河南,2024,,专科,8922,湖南大众传媒职业技术学院,,,379,111032,,,23,,,0,0
河南,2024,,专科,8928,塔里木职业技术学院,,,197,136143,,,83,,,0,0
河南,2024,,专科,8932,曹妃甸职业技术学院,,,186,327615,,,30,,,0,0
河南,2024,,专科,8933,江苏旅游职业学院,,,357,150585,,,59,,,0,0
河南,2024,,专科,8934,日照航海工程职业学院,,,174,262255,,,223,,,0,0
河南,2024,,专科,8935,上饶幼儿师范高等专科学校,,,173,184634,,,56,,,0,0
河南,2024,,专科,8935,上饶幼儿师范高等专科学校(较高收费),,,169,354094,,,3,,,0,0
河南,2024,,专科,8937,抚州幼儿师范高等专科学校,,,191,548349,,,8,,,0,0
河南,2024,,专科,8950,贵州民用航空职业学院,,,165,349859,,,190,,,0,0
河南,2024,,专科,8952,榆林能源科技职业学院,,,264,239914,,,100,,,0,0
河南,2024,,专科,8953,培黎职业学院,,,279,257358,,,50,,,0,0
河南,2024,,专科,8955,塔城职业技术学院,,,221,495384,,,91,,,0,0
河南,2024,,专科,8956,保险职业学院,,,287,157276,,,30,,,0,0
河南,2024,,专科,8959,湖南软件职业技术大学,,,165,353501,,,142,,,0,0
河南,2024,,专科,8960,广州现代信息工程职业技术学院,,,181,278008,,,42,,,0,0
河南,2024,,专科,8961,顺德职业技术学院,,,378,137189,,,40,,,0,0
河南,2024,,专科,8966,广东农工商职业技术学院,,,321,187140,,,72,,,0,0
河南,2024,,专科,8966,广东农工商职业技术学院(较高收费),,,255,298370,,,15,,,0,0
河南,2024,,专科,8968,广东女子职业技术学院,,,303,193331,,,29,,,0,0
河南,2024,,专科,8970,河源职业技术学院,,,186,335553,,,50,,,0,0
河南,2024,,专科,8971,罗定职业技术学院,,,187,311614,,,80,,,0,0
河南,2024,,专科,8972,阳江职业技术学院,,,294,193331,,,17,,,0,0
河南,2024,,专科,8974,汕头职业技术学院,,,167,301559,,,44,,,0,0
河南,2024,,专科,8975,清远职业技术学院,,,192,177584,,,81,,,0,0
河南,2024,,专科,8976,广东轻工职业技术大学,,,412,93783,,,68,,,0,0
河南,2024,,专科,8977,广东交通职业技术学院,,,285,146084,,,92,,,0,0
河南,2024,,专科,8978,广东水利电力职业技术学院,,,293,338138,,,80,,,0,0
河南,2024,,专科,8978,广东水利电力职业技术学院(较高收费),,,299,469081,,,10,,,0,0
河南,2024,,专科,8979,深圳信息职业技术学院,,,432,257272,,,40,,,0,0
河南,2024,,专科,8980,广东机电职业技术学院,,,312,165477,,,50,,,0,0
河南,2024,,专科,8981,广东职业技术学院,,,270,281528,,,12,,,0,0
河南,2024,,专科,8983,广东建设职业技术学院,,,355,143815,,,77,,,0,0
河南,2024,,专科,8985,广东工贸职业技术学院,,,311,193331,,,50,,,0,0
河南,2024,,专科,8986,广东司法警官职业学院,,,351,155055,,,29,,,0,0
河南,2024,,专科,8989,广东新安职业技术学院,,,269,282658,,,31,,,0,0
河南,2024,,专科,8990,广东岭南职业技术学院,,,186,342810,,,100,,,0,0
河南,2024,,专科,8992,惠州城市职业学院,,,277,227080,,,58,,,0,0
河南,2024,,专科,8994,广东南华工商职业学院,,,326,130725,,,71,,,0,0
河南,2024,,专科,8995,私立华联学院,,,186,291722,,,21,,,0,0
河南,2024,,专科,8996,广东省外语艺术职业学院,,,303,241204,,,25,,,0,0
河南,2024,,专科,8998,广东亚视演艺职业学院,,,166,230920,,,91,,,0,0
河南,2024,,专科,8999,广东碧桂园职业学院,,,165,291722,,,69,,,0,0
河南,2024,,专科,9026,湛江幼儿师范专科学校,,,165,273234,,,60,,,0,0
河南,2024,,专科,9032,广东财贸职业学院,,,213,259838,,,50,,,0,0
河南,2024,,专科,9033,广西自然资源职业技术学院,,,198,291722,,,81,,,0,0
河南,2024,,专科,9038,资阳口腔职业学院,,,364,381754,,,5,,,0,0
河南,2024,,专科,9039,资阳环境科技职业学院,,,212,291722,,,338,,,0,0
河南,2024,,专科,9040,新疆交通职业技术学院,,,215,209403,,,30,,,0,0
河南,2024,,专科,9041,云南理工职业学院,,,165,313531,,,38,,,0,0
河南,2024,,专科,9043,喀什职业技术学院,,,170,258571,,,569,,,0,0
河南,2024,,专科,9045,新疆科信职业技术学院,,,239,512960,,,53,,,0,0
河南,2024,,专科,9046,阿勒泰职业技术学院,,,233,211760,,,60,,,0,0
河南,2024,,专科,9047,广元中核职业技术学院,,,211,228379,,,34,,,0,0
河南,2024,,专科,9052,柳州职业技术大学,,,295,190897,,,40,,,0,0
河南,2024,,专科,9054,广西建设职业技术学院,,,307,163100,,,15,,,0,0
河南,2024,,专科,9057,广西机电职业技术学院,,,260,292896,,,10,,,0,0
河南,2024,,专科,9059,广西生态工程职业技术学院,,,192,234756,,,21,,,0,0
河南,2024,,专科,9060,广西国际商务职业技术学院,,,179,351716,,,6,,,0,0
河南,2024,,专科,9074,湖南高速铁路职业技术学院,,,395,89086,,,30,,,0,0
河南,2024,,专科,9075,湖南铁路科技职业技术学院,,,392,89984,,,30,,,0,0
河南,2024,,专科,9076,广州铁路职业技术学院,,,398,115062,,,55,,,0,0
河南,2024,,专科,9079,咸阳职业技术学院,,,372,99502,,,30,,,0,0
河南,2024,,专科,9080,西安职业技术学院,,,375,136143,,,50,,,0,0
河南,2024,,专科,9081,海南职业技术学院,,,298,165477,,,87,,,0,0
河南,2024,,专科,9083,海南科技职业大学,,,165,292896,,,267,,,0,0
河南,2024,,专科,9084,三亚城市职业学院,,,175,291722,,,114,,,0,0
河南,2024,,专科,9084,三亚城市职业学院(较高收费),,,195,345807,,,3,,,0,0
河南,2024,,专科,9088,三亚航空旅游职业学院,,,167,301559,,,128,,,0,0
河南,2024,,专科,9089,商洛职业技术学院,,,236,286103,,,54,,,0,0
河南,2024,,专科,9090,汉中职业技术学院,,,357,163100,,,30,,,0,0
河南,2024,,专科,9091,重庆城市管理职业学院,,,402,106137,,,2,,,0,0
河南,2024,,专科,9092,重庆科技职业学院,,,185,328423,,,70,,,0,0
河南,2024,,专科,9093,重庆工业职业技术学院,,,404,102361,,,35,,,0,0
河南,2024,,专科,9094,重庆工程职业技术学院,,,381,127596,,,10,,,0,0
河南,2024,,专科,9094,重庆工程职业技术学院(较高收费),,,362,356415,,,12,,,0,0
河南,2024,,专科,9095,重庆航天职业技术学院,,,380,118080,,,30,,,0,0
河南,2024,,专科,9097,重庆建筑科技职业学院,,,294,228379,,,50,,,0,0
河南,2024,,专科,9099,重庆海联职业技术学院,,,165,181104,,,101,,,0,0
河南,2024,,专科,9100,重庆信息技术职业学院,,,217,273234,,,35,,,0,0
河南,2024,,专科,9110,重庆经贸职业学院,,,175,289491,,,94,,,0,0
河南,2024,,专科,9111,重庆轻工职业学院,,,175,294037,,,93,,,0,0
河南,2024,,专科,9112,重庆艺术工程职业学院,,,165,243749,,,39,,,0,0
河南,2024,,专科,9116,渭南职业技术学院,,,364,138265,,,50,,,0,0
河南,2024,,专科,9117,安康职业技术学院,,,296,176357,,,50,,,0,0
河南,2024,,专科,9118,铜川职业技术学院,,,181,124423,,,96,,,0,0
河南,2024,,专科,9120,甘肃畜牧工程职业技术学院,,,228,203234,,,40,,,0,0
河南,2024,,专科,9122,绵阳职业技术学院,,,336,182257,,,10,,,0,0
河南,2024,,专科,9127,泸州职业技术学院,,,358,380188,,,35,,,0,0
河南,2024,,专科,9132,四川建筑职业技术学院,,,209,320979,,,40,,,0,0
河南,2024,,专科,9133,四川电影电视学院,,,186,346661,,,32,,,0,0
河南,2024,,专科,9137,民办四川天一学院,,,212,332875,,,141,,,0,0
河南,2024,,专科,9138,四川托普信息技术职业学院,,,176,339422,,,26,,,0,0
河南,2024,,专科,9139,四川国际标榜职业学院,,,182,350864,,,30,,,0,0
河南,2024,,专科,9140,成都艺术职业大学,,,175,348302,,,74,,,0,0
河南,2024,,专科,9150,四川护理职业学院,,,389,97632,,,5,,,0,0
河南,2024,,专科,9153,巴中职业技术学院,,,166,220718,,,74,,,0,0
河南,2024,,专科,9154,四川希望汽车职业学院,,,185,344345,,,19,,,0,0
河南,2024,,专科,9155,四川电子机械职业技术学院,,,215,324346,,,118,,,0,0
河南,2024,,专科,9156,四川文轩职业学院,,,195,185940,,,39,,,0,0
河南,2024,,专科,9159,扎兰屯职业学院,,,192,254911,,,15,,,0,0
河南,2024,,专科,9161,成都工贸职业技术学院,,,373,139363,,,15,,,0,0
河南,2024,,专科,9162,四川应用技术职业学院,,,221,325997,,,50,,,0,0
河南,2024,,专科,9163,云南财经职业学院,,,249,209403,,,20,,,0,0
河南,2024,,专科,9166,广东茂名健康职业学院,,,298,247438,,,20,,,0,0
河南,2024,,专科,9167,重庆资源与环境保护职业学院,,,185,347091,,,53,,,0,0
河南,2024,,专科,9169,贵州工贸职业学院,,,166,332875,,,74,,,0,0
河南,2024,,专科,9170,吉林职业技术学院,,,189,334890,,,82,,,0,0
河南,2024,,专科,9175,贵州应用技术职业学院,,,165,354483,,,118,,,0,0
河南,2024,,专科,9181,吐鲁番职业技术学院,,,200,341691,,,23,,,0,0
河南,2024,,专科,9182,广州卫生职业技术学院,,,199,88171,,,38,,,0,0
河南,2024,,专科,9185,长春健康职业学院,,,179,289491,,,228,,,0,0
河南,2024,,专科,9186,惠州工程职业学院,,,359,133921,,,30,,,0,0
河南,2024,,专科,9187,广东江门中医药职业学院,,,354,138265,,,30,,,0,0
河南,2024,,专科,9192,遵义职业技术学院,,,284,210592,,,8,,,0,0
河南,2024,,专科,9194,贵州交通职业大学,,,188,348714,,,9,,,0,0
河南,2024,,专科,9196,贵州工业职业技术学院,,,326,416121,,,10,,,0,0
河南,2024,,专科,9198,贵州电子信息职业技术学院,,,257,296255,,,10,,,0,0
河南,2024,,专科,9200,黔东南民族职业技术学院,,,384,97632,,,10,,,0,0
河南,2024,,专科,9201,黔南民族职业技术学院,,,165,348714,,,87,,,0,0
河南,2024,,专科,9203,贵州城市职业学院,,,165,308785,,,157,,,0,0
河南,2024,,专科,9207,贵州航空职业技术学院,,,275,229627,,,10,,,0,0
河南,2024,,专科,9209,贵州经贸职业技术学院,,,187,344345,,,25,,,0,0
河南,2024,,专科,9215,博尔塔拉职业技术学院,,,184,234756,,,27,,,0,0
河南,2024,,专科,9224,云南国土资源职业学院,,,234,319122,,,12,,,0,0
河南,2024,,专科,9229,昆明艺术职业学院,,,165,354835,,,2,,,0,0
河南,2024,,专科,9237,云南工商学院,,,165,349491,,,323,,,0,0
河南,2024,,专科,9241,陕西职业技术学院,,,222,329178,,,16,,,0,0
河南,2024,,专科,9242,杨凌职业技术学院,,,356,157276,,,20,,,0,0
河南,2024,,专科,9243,陕西交通职业技术学院,,,385,111032,,,90,,,0,0
河南,2024,,专科,9244,陕西工业职业技术学院,,,410,104214,,,5,,,0,0
河南,2024,,专科,9245,陕西国防工业职业技术学院,,,399,93783,,,110,,,0,0
河南,2024,,专科,9246,陕西能源职业技术学院,,,344,119130,,,40,,,0,0
河南,2024,,专科,9247,西安航空职业技术学院,,,399,105172,,,70,,,0,0
河南,2024,,专科,9248,陕西财经职业技术学院,,,367,111032,,,60,,,0,0
河南,2024,,专科,9248,陕西财经职业技术学院(较高收费),,,284,205713,,,10,,,0,0
河南,2024,,专科,9251,西安城市建设职业学院,,,192,238627,,,76,,,0,0
河南,2024,,专科,9257,西安高新科技职业学院,,,288,237327,,,35,,,0,0
河南,2024,,专科,9259,陕西服装工程学院,,,184,182257,,,24,,,0,0
河南,2024,,专科,9265,陕西机电职业技术学院,,,252,130725,,,60,,,0,0
河南,2024,,专科,9269,西安铁路职业技术学院,,,404,104214,,,150,,,0,0
河南,2024,,专科,9291,酒泉职业技术学院,,,318,182257,,,10,,,0,0
河南,2024,,专科,9293,甘肃工业职业技术学院,,,293,230920,,,4,,,0,0
河南,2024,,专科,9294,甘肃建筑职业技术学院,,,272,252368,,,10,,,0,0
河南,2024,,专科,9297,甘肃警察学院,,,349,153894,,,42,,,0,0
河南,2024,,专科,9303,兰州航空职业技术学院,,,339,188463,,,20,,,0,0
河南,2024,,专科,9321,青海职业技术大学,,,349,147230,,,6,,,0,0
河南,2024,,专科,9322,青海建筑职业技术学院,,,248,272001,,,10,,,0,0
河南,2024,,专科,9332,宁夏职业技术学院,,,374,365905,,,5,,,0,0
河南,2024,,专科,9334,宁夏建设职业技术学院,,,207,261047,,,6,,,0,0
河南,2024,,专科,9335,宁夏工商职业技术学院,,,303,241204,,,9,,,0,0
河南,2024,,专科,9342,伊犁职业技术学院,,,275,233498,,,35,,,0,0
河南,2024,,专科,9343,克拉玛依职业技术学院,,,355,351525,,,10,,,0,0
河南,2024,,专科,9345,新疆轻工职业技术学院,,,277,210592,,,45,,,0,0
河南,2024,,专科,9345,新疆轻工职业技术学院(单列专业),,,323,206957,,,20,,,0,0
河南,2024,,专科,9346,新疆农业职业技术大学,,,228,142688,,,162,,,0,0
河南,2024,,专科,9347,乌鲁木齐职业大学,,,314,123355,,,61,,,0,0
河南,2024,,专科,9347,乌鲁木齐职业大学(较高收费),,,193,326841,,,10,,,0,0
河南,2024,,专科,9351,哈密职业技术学院,,,206,239914,,,35,,,0,0
河南,2024,,专科,9352,新疆工业职业技术学院,,,260,292896,,,10,,,0,0
河南,2024,,专科,9370,福州职业技术学院,,,341,166696,,,70,,,0,0
河南,2024,,专科,9371,漳州职业技术学院,,,376,120171,,,70,,,0,0
河南,2024,,专科,9372,福建船政交通职业学院,,,222,190897,,,57,,,0,0
河南,2024,,专科,9379,泉州纺织服装职业学院,,,199,321725,,,32,,,0,0
河南,2024,,专科,9384,泉州华光职业学院,,,165,332192,,,22,,,0,0
河南,2024,,专科,9411,北京京北职业技术学院,,,359,377064,,,8,,,0,0
河南,2024,,专科,9413,北京财贸职业学院,,,394,98536,,,50,,,0,0
河南,2024,,专科,9416,北京经济技术职业学院,,,242,219452,,,23,,,0,0
河南,2024,,专科,9417,北京汇佳职业学院,,,228,295137,,,18,,,0,0
河南,2024,,专科,9419,北京艺术传媒职业学院,,,258,295137,,,2,,,0,0
河南,2024,,专科,9422,保定电力职业技术学院,,,398,315811,,,10,,,0,0
河南,2024,,专科,9424,河北正定师范高等专科学校,,,371,141559,,,9,,,0,0
河南,2024,,专科,9433,石家庄理工职业学院,,,188,341691,,,10,,,0,0
河南,2024,,专科,9435,石家庄工商职业学院,,,174,289491,,,34,,,0,0
河南,2024,,专科,9441,临汾职业技术学院,,,298,189699,,,12,,,0,0
河南,2024,,专科,9443,山西金融职业学院,,,306,237327,,,3,,,0,0
河南,2024,,专科,9444,山西职业技术学院,,,391,113010,,,10,,,0,0
河南,2024,,专科,9447,山西信息职业技术学院,,,263,272001,,,20,,,0,0
河南,2024,,专科,9449,满洲里俄语职业学院,,,229,203234,,,22,,,0,0
河南,2024,,专科,9450,鄂尔多斯职业学院,,,292,254911,,,5,,,0,0
河南,2024,,专科,9455,内蒙古化工职业学院,,,228,534850,,,15,,,0,0
河南,2024,,专科,9456,内蒙古机电职业技术学院,,,337,375508,,,16,,,0,0
河南,2024,,专科,9457,内蒙古电子信息职业技术学院,,,288,129734,,,16,,,0,0
河南,2024,,专科,9460,辽宁工程职业学院,,,222,253640,,,143,,,0,0
河南,2024,,专科,9462,辽宁职业学院,,,296,158445,,,80,,,0,0
河南,2024,,专科,9465,沈阳职业技术学院,,,182,193331,,,151,,,0,0
河南,2024,,专科,9466,辽宁铁道职业技术学院,,,346,317600,,,85,,,0,0
河南,2024,,专科,9467,辽宁医药职业学院,,,354,142688,,,100,,,0,0
河南,2024,,专科,9469,辽宁装备制造职业技术学院,,,290,242461,,,135,,,0,0
河南,2024,,专科,9471,黑龙江职业学院,,,337,132909,,,50,,,0,0
河南,2024,,专科,9474,黑龙江商业职业学院,,,167,256092,,,96,,,0,0
河南,2024,,专科,9478,长白山职业技术学院,,,218,214351,,,15,,,0,0
河南,2024,,专科,9481,上海工艺美术职业学院,,,376,97632,,,29,,,0,0
河南,2024,,专科,9488,江苏经贸职业技术学院,,,403,92844,,,20,,,0,0
河南,2024,,专科,9491,浙江纺织服装职业技术学院,,,374,123355,,,35,,,0,0
河南,2024,,专科,9492,宁波城市职业技术学院,,,373,113010,,,60,,,0,0
河南,2024,,专科,9493,浙江广厦建设职业技术大学,,,248,220718,,,20,,,0,0
河南,2024,,专科,9494,杭州万向职业技术学院,,,350,173834,,,8,,,0,0
河南,2024,,专科,9504,安徽冶金科技职业学院,,,308,210592,,,35,,,0,0
河南,2024,,专科,9507,安徽中澳科技职业学院,,,298,227080,,,20,,,0,0
河南,2024,,专科,9508,安徽国防科技职业学院,,,331,200717,,,20,,,0,0
河南,2024,,专科,9510,安徽城市管理职业学院,,,389,92844,,,10,,,0,0
河南,2024,,专科,9516,亳州职业技术学院,,,281,110064,,,40,,,0,0
河南,2024,,专科,9517,阜阳科技职业学院,,,280,490446,,,10,,,0,0
河南,2024,,专科,9521,福建信息职业技术学院,,,348,126542,,,72,,,0,0
河南,2024,,专科,9522,福建水利电力职业技术学院,,,340,193331,,,20,,,0,0
河南,2024,,专科,9523,福建电力职业技术学院,,,395,121221,,,13,,,0,0
河南,2024,,专科,9524,福建林业职业技术学院,,,332,188463,,,15,,,0,0
河南,2024,,专科,9525,福建农业职业技术学院,,,284,264738,,,7,,,0,0
河南,2024,,专科,9526,厦门海洋职业技术学院,,,365,109100,,,8,,,0,0
河南,2024,,专科,9531,江西生物科技职业学院,,,354,146084,,,10,,,0,0
河南,2024,,专科,9537,江西建设职业技术学院,,,235,300495,,,30,,,0,0
河南,2024,,专科,9538,南昌工学院,,,179,252368,,,180,,,0,0
河南,2024,,专科,9539,南昌职业大学,,,168,318180,,,146,,,0,0
河南,2024,,专科,9541,江西科技职业学院,,,253,280373,,,19,,,0,0
河南,2024,,专科,9542,景德镇陶瓷职业技术学院,,,174,305676,,,42,,,0,0
河南,2024,,专科,9543,泰山护理职业学院,,,344,171475,,,30,,,0,0
河南,2024,,专科,9544,济南护理职业学院,,,349,138265,,,36,,,0,0
河南,2024,,专科,9545,山东化工职业学院,,,291,252368,,,10,,,0,0
河南,2024,,专科,9547,山东工业职业学院,,,364,381754,,,10,,,0,0
河南,2024,,专科,9548,山东海事职业学院,,,186,237327,,,64,,,0,0
河南,2024,,专科,9549,山东经贸职业学院,,,311,194558,,,10,,,0,0
河南,2024,,专科,9551,青岛恒星科技学院,,,184,316372,,,150,,,0,0
河南,2024,,专科,9552,青岛求实职业技术学院,,,216,267117,,,85,,,0,0
河南,2024,,专科,9553,山东现代学院,,,294,246202,,,15,,,0,0
河南,2024,,专科,9553,山东现代学院(较高收费),,,347,176357,,,5,,,0,0
河南,2024,,专科,9554,青岛黄海学院,,,165,270820,,,86,,,0,0
河南,2024,,专科,9562,襄阳汽车职业技术学院,,,285,155055,,,220,,,0,0
河南,2024,,专科,9563,天门职业学院,,,168,238627,,,102,,,0,0
河南,2024,,专科,9564,武汉交通职业学院,,,370,118080,,,130,,,0,0
河南,2024,,专科,9565,咸宁职业技术学院,,,190,156165,,,55,,,0,0
河南,2024,,专科,9568,长沙职业技术学院,,,357,138265,,,5,,,0,0
河南,2024,,专科,9571,怀化职业技术学院,,,324,205713,,,10,,,0,0
河南,2024,,专科,9572,湖南城建职业技术学院,,,332,182257,,,6,,,0,0
河南,2024,,专科,9573,湖南化工职业技术学院,,,318,178774,,,15,,,0,0
河南,2024,,专科,9576,湖南司法警官职业学院,,,334,158445,,,10,,,0,0
河南,2024,,专科,9577,长沙商贸旅游职业技术学院,,,218,228379,,,40,,,0,0
河南,2024,,专科,9585,广东科学技术职业学院,,,288,105172,,,100,,,0,0
河南,2024,,专科,9586,广东食品药品职业学院,,,356,113010,,,58,,,0,0
河南,2024,,专科,9590,广东创新科技职业学院,,,172,342810,,,90,,,0,0
河南,2024,,专科,9591,广州康大职业技术学院,,,169,269551,,,14,,,0,0
河南,2024,,专科,9593,珠海艺术职业学院,,,208,336258,,,6,,,0,0
河南,2024,,专科,9602,桂林山水职业学院,,,228,307795,,,25,,,0,0
河南,2024,,专科,9603,三亚中瑞酒店管理职业学院,,,205,310681,,,101,,,0,0
河南,2024,,专科,9603,三亚中瑞酒店管理职业学院(较高收费),,,191,347496,,,4,,,0,0
河南,2024,,专科,9605,广西现代职业技术学院,,,167,265935,,,89,,,0,0
河南,2024,,专科,9608,广西工业职业技术学院,,,171,345807,,,29,,,0,0
河南,2024,,专科,9609,海南软件职业技术学院,,,292,243749,,,30,,,0,0
河南,2024,,专科,9612,西昌民族幼儿师范高等专科学校,,,186,321725,,,35,,,0,0
河南,2024,,专科,9616,哈尔滨北方航空职业技术学院,,,166,348302,,,47,,,0,0
河南,2024,,专科,9617,广东茂名农林科技职业学院,,,276,274439,,,19,,,0,0
河南,2024,,专科,9618,海南健康管理职业技术学院,,,186,339422,,,35,,,0,0
河南,2024,,专科,9619,眉山药科职业学院,,,186,321725,,,70,,,0,0
河南,2024,,专科,9621,德阳城市轨道交通职业学院,,,165,323482,,,102,,,0,0
河南,2024,,专科,9622,德阳科贸职业学院,,,166,318180,,,97,,,0,0
河南,2024,,专科,9623,江阳城建职业学院,,,167,349491,,,20,,,0,0
河南,2024,,专科,9624,天府新区航空旅游职业学院,,,180,309696,,,50,,,0,0
河南,2024,,专科,9627,毕节工业职业技术学院,,,185,349491,,,20,,,0,0
河南,2024,,专科,9628,云南医药健康职业学院,,,165,192108,,,174,,,0,0
河南,2024,,专科,9631,和田职业技术学院,,,187,246202,,,105,,,0,0
河南,2024,,专科,9632,萍乡卫生职业学院,,,347,157276,,,10,,,0,0
河南,2024,,专科,9633,江西婺源茶业职业学院,,,269,270820,,,16,,,0,0
河南,2024,,专科,9634,铁门关职业技术学院,,,268,254911,,,155,,,0,0
河南,2024,,专科,9635,石河子工程职业技术学院,,,268,241204,,,135,,,0,0
河南,2024,,专科,9636,桂林生命与健康职业技术学院,,,171,290595,,,84,,,0,0
河南,2024,,专科,9638,邯郸幼儿师范高等专科学校,,,345,106137,,,15,,,0,0
河南,2024,,专科,9647,邯郸科技职业学院,,,343,411854,,,10,,,0,0
河南,2024,,专科,9653,长春早期教育职业学院,,,168,252368,,,208,,,0,0
河南,2024,,专科,9656,黄山健康职业学院,,,276,221992,,,40,,,0,0
河南,2024,,专科,9658,九江理工职业学院,,,186,349491,,,11,,,0,0
河南,2024,,专科,9660,临沂科技职业学院,,,249,518677,,,15,,,0,0
河南,2024,,专科,9661,青岛航空科技职业学院,,,172,309696,,,27,,,0,0
河南,2024,,专科,9662,潍坊环境工程职业学院,,,258,276828,,,47,,,0,0
河南,2024,,专科,9663,湖北健康职业学院,,,185,327615,,,750,,,0,0
河南,2024,,专科,9665,广西物流职业技术学院,,,181,336911,,,52,,,0,0
河南,2024,,专科,9667,海南卫生健康职业学院,,,324,108140,,,25,,,0,0
河南,2024,,专科,9671,海南外国语职业学院,,,184,123355,,,30,,,0,0
河南,2024,,专科,9672,四川西南航空职业学院,,,262,234756,,,92,,,0,0
河南,2024,,专科,9672,四川西南航空职业学院(单列专业),,,228,324346,,,4,,,0,0
河南,2024,,专科,9673,新疆铁道职业技术学院,,,369,116073,,,24,,,0,0
河南,2024,,专科,9673,新疆铁道职业技术学院(单列专业),,,361,133921,,,38,,,0,0
河南,2024,,专科,9673,新疆铁道职业技术学院(较高收费),,,319,195775,,,8,,,0,0
河南,2024,,专科,9675,重庆三峡职业学院,,,395,97632,,,28,,,0,0
河南,2024,,专科,9677,重庆机电职业技术大学,,,296,473468,,,15,,,0,0
河南,2024,,专科,9678,重庆电子科技职业大学,,,404,101443,,,40,,,0,0
河南,2024,,专科,9687,四川化工职业技术学院,,,261,282658,,,25,,,0,0
河南,2024,,专科,9688,四川航天职业技术学院,,,326,192108,,,20,,,0,0
河南,2024,,专科,9690,重庆理工职业学院,,,165,301559,,,52,,,0,0
河南,2024,,专科,9691,重庆智能工程职业学院,,,166,292896,,,125,,,0,0
河南,2024,,专科,9693,南充文化旅游职业学院,,,226,306767,,,20,,,0,0
河南,2024,,专科,9694,南充电影工业职业学院,,,173,336911,,,112,,,0,0
河南,2024,,专科,9695,绵阳飞行职业学院,,,167,329178,,,269,,,0,0
河南,2024,,专科,9697,德阳农业科技职业学院,,,170,304651,,,108,,,0,0
河南,2024,,专科,9698,泸州医疗器械职业学院,,,247,304651,,,30,,,0,0
河南,2024,,专科,9702,铜仁职业技术学院,,,372,364279,,,2,,,0,0
河南,2024,,专科,9705,宝鸡职业技术学院,,,373,115062,,,45,,,0,0
河南,2024,,专科,9706,陕西航空职业技术学院,,,332,189699,,,129,,,0,0
河南,2024,,专科,9707,湖南劳动人事职业学院,,,306,237327,,,10,,,0,0
河南,2024,,专科,9708,陕西铁路工程职业技术学院,,,379,87279,,,79,,,0,0
河南,2024,,专科,9708,陕西铁路工程职业技术学院(较高收费),,,434,262825,,,1,,,0,0
河南,2024,,专科,9709,陕西电子信息职业技术学院,,,275,221992,,,40,,,0,0
河南,2024,,专科,9710,西安交通工程学院,,,214,181104,,,42,,,0,0
河南,2024,,专科,9713,青海卫生职业技术学院,,,338,320979,,,10,,,0,0
河南,2024,,专科,9714,巴音郭楞职业技术学院,,,269,100480,,,40,,,0,0
河南,2024,,专科,9715,阿克苏职业技术学院,,,173,269551,,,92,,,0,0
河南,2024,,专科,9716,天津滨海汽车工程职业学院,,,261,195775,,,285,,,0,0
河南,2024,,专科,9717,新疆职业大学,,,250,175097,,,120,,,0,0
河南,2024,,专科,9718,新疆建设职业技术学院,,,273,219452,,,60,,,0,0
河南,2024,,专科,9720,建东职业技术学院,,,167,327615,,,139,,,0,0
河南,2024,,专科,9721,江西软件职业技术大学,,,205,312567,,,20,,,0,0
河南,2024,,专科,9722,共青科技职业学院,,,165,241204,,,170,,,0,0
河南,2024,,专科,9723,江南影视艺术职业学院,,,165,351158,,,89,,,0,0
河南,2024,,专科,9726,厦门演艺职业学院,,,212,336258,,,7,,,0,0
河南,2024,,专科,9731,北京电子科技职业学院,,,410,90950,,,60,,,0,0
河南,2024,,专科,9732,河北司法警官职业学院,,,361,160737,,,30,,,0,0
河南,2024,,专科,9740,潞安职业技术学院,,,281,268309,,,15,,,0,0
河南,2024,,专科,9745,乌兰察布职业学院,,,238,254911,,,200,,,0,0
河南,2024,,专科,9747,黑龙江能源职业学院,,,165,224523,,,147,,,0,0
河南,2024,,专科,9748,黑龙江生态工程职业学院,,,209,237327,,,60,,,0,0
河南,2024,,专科,9749,黑龙江旅游职业技术学院,,,174,221992,,,131,,,0,0
河南,2024,,专科,9751,无锡城市职业技术学院,,,331,97632,,,76,,,0,0
河南,2024,,专科,9752,无锡工艺职业技术学院,,,339,195775,,,4,,,0,0
河南,2024,,专科,9753,苏州健雄职业技术学院,,,370,131835,,,50,,,0,0
河南,2024,,专科,9755,江苏财经职业技术学院,,,367,133921,,,115,,,0,0
河南,2024,,专科,9761,安徽审计职业学院,,,374,132909,,,30,,,0,0
河南,2024,,专科,9762,安徽新闻出版职业技术学院,,,320,169090,,,40,,,0,0
河南,2024,,专科,9766,闽西职业技术学院,,,343,167884,,,40,,,0,0
河南,2024,,专科,9771,江西工程职业学院,,,209,288348,,,33,,,0,0
河南,2024,,专科,9774,江西航空职业技术学院,,,193,182257,,,135,,,0,0
河南,2024,,专科,9775,江西农业工程职业学院,,,197,146084,,,62,,,0,0
河南,2024,,专科,9776,济南职业学院,,,332,202002,,,20,,,0,0
河南,2024,,专科,9780,山东铝业职业学院,,,240,311614,,,46,,,0,0
河南,2024,,专科,9782,湖北国土资源职业学院,,,342,153894,,,80,,,0,0
河南,2024,,专科,9783,江汉艺术职业学院,,,362,152758,,,19,,,0,0
河南,2024,,专科,9784,湖北生态工程职业技术学院,,,215,179942,,,152,,,0,0
河南,2024,,专科,9785,湖北生物科技职业学院,,,360,160737,,,30,,,0,0
河南,2024,,专科,9786,湖北财税职业学院,,,388,115062,,,15,,,0,0
河南,2024,,专科,9787,湖北黄冈应急管理职业技术学院,,,319,220718,,,8,,,0,0
河南,2024,,专科,9788,武汉民政职业学院,,,373,91935,,,63,,,0,0
河南,2024,,专科,9789,贵州机电职业技术学院,,,280,262255,,,10,,,0,0
河南,2024,,专科,9791,武汉铁路职业技术学院,,,409,47394,,,200,,,0,0
河南,2024,,专科,9792,湖北三峡职业技术学院,,,350,96702,,,138,,,0,0
河南,2024,,专科,9799,广东文艺职业学院,,,310,232209,,,9,,,0,0
河南,2024,,专科,9801,中山火炬职业技术学院,,,348,387937,,,65,,,0,0
河南,2024,,专科,9802,江门职业技术学院,,,295,184634,,,42,,,0,0
河南,2024,,专科,9803,茂名职业技术学院,,,331,181104,,,64,,,0,0
河南,2024,,专科,9805,珠海城市职业技术学院,,,358,115062,,,67,,,0,0
河南,2024,,专科,9808,广西电力职业技术学院,,,367,144946,,,50,,,0,0
河南,2024,,专科,9809,海南经贸职业技术学院,,,365,105172,,,16,,,0,0
河南,2024,,专科,9809,海南经贸职业技术学院(较高收费),,,188,256092,,,29,,,0,0
河南,2024,,专科,9810,重庆水利电力职业技术学院,,,394,95716,,,20,,,0,0
河南,2024,,专科,9814,四川司法警官职业学院,,,301,167884,,,14,,,0,0
河南,2024,,专科,9821,云南林业职业技术学院,,,345,182257,,,8,,,0,0
河南,2024,,专科,9822,陕西邮电职业技术学院,,,216,143815,,,41,,,0,0
河南,2024,,专科,9824,北京培黎职业学院,,,223,311614,,,63,,,0,0
河南,2024,,专科,9824,北京培黎职业学院(较高收费),,,244,309696,,,1,,,0,0
河南,2024,,专科,9827,石家庄科技信息职业学院,,,185,284997,,,22,,,0,0
河南,2024,,专科,9830,辽宁理工职业大学,,,224,297318,,,130,,,0,0
河南,2024,,专科,9831,黑龙江三江美术职业学院,,,166,347091,,,163,,,0,0
河南,2024,,专科,9832,上海震旦职业学院,,,168,177584,,,88,,,0,0
河南,2024,,专科,9833,上海民远职业技术学院,,,214,328423,,,34,,,0,0
河南,2024,,专科,9835,上海立达学院,,,332,204486,,,7,,,0,0
河南,2024,,专科,9836,上海思博职业技术学院,,,198,324346,,,76,,,0,0
河南,2024,,专科,9836,上海思博职业技术学院(较高收费),,,201,342810,,,4,,,0,0
河南,2024,,专科,9837,江海职业技术学院,,,165,272001,,,101,,,0,0
河南,2024,,专科,9838,金山职业技术学院,,,169,284997,,,90,,,0,0
河南,2024,,专科,9840,江西工程学院,,,185,273234,,,14,,,0,0
河南,2024,,专科,9841,威海海洋职业学院,,,319,167884,,,20,,,0,0
河南,2024,,专科,9842,赣西科技职业学院,,,241,296255,,,70,,,0,0
河南,2024,,专科,9844,山东协和学院,,,191,347091,,,120,,,0,0
河南,2024,,专科,9846,山东外事职业大学,,,185,94756,,,20,,,0,0
河南,2024,,专科,9847,黄冈科技职业学院,,,256,269551,,,300,,,0,0
河南,2024,,专科,9849,惠州经济职业技术学院,,,219,302622,,,48,,,0,0
河南,2024,,专科,9850,广东工商职业技术大学,,,179,242461,,,34,,,0,0
河南,2024,,专科,9854,广州南洋理工职业学院,,,165,309696,,,93,,,0,0
河南,2024,,专科,9855,广州科技职业技术大学,,,310,197027,,,15,,,0,0
河南,2024,,专科,9856,广州涉外经济职业技术学院,,,185,337551,,,68,,,0,0
河南,2024,,专科,9856,广州涉外经济职业技术学院(较高收费),,,201,342810,,,2,,,0,0
河南,2024,,专科,9859,海南工商职业学院,,,165,314516,,,138,,,0,0
河南,2024,,专科,9862,云南经济管理学院,,,268,229627,,,66,,,0,0
河南,2024,,专科,9863,云南城市建设职业学院,,,165,353020,,,237,,,0,0
河南,2024,,专科,9866,西安汽车职业大学,,,171,251120,,,184,,,0,0
河南,2024,,专科,9867,西安海棠职业学院,,,200,225815,,,101,,,0,0
河南,2024,,专科,9869,新疆现代职业技术学院,,,209,304651,,,50,,,0,0
河南,2024,,专科,9870,新疆天山职业技术大学,,,239,288348,,,45,,,0,0
河南,2024,,专科,9874,南京旅游职业学院,,,359,141559,,,70,,,0,0
河南,2024,,专科,9875,扬州中瑞酒店职业学院,,,196,312567,,,114,,,0,0
河南,2024,,专科,9876,吉安职业技术学院,,,165,287210,,,25,,,0,0
河南,2024,,专科,9876,吉安职业技术学院(较高收费),,,187,347886,,,17,,,0,0
河南,2024,,专科,9877,重庆幼儿师范高等专科学校,,,189,115062,,,32,,,0,0
河南,2024,,专科,9878,北京交通职业技术学院,,,382,322649,,,22,,,0,0
河南,2024,,专科,9881,乌海职业技术学院,,,168,565867,,,12,,,0,0
河南,2024,,专科,9882,松原职业技术学院,,,231,287210,,,10,,,0,0
河南,2024,,专科,9883,七台河职业学院,,,248,272001,,,155,,,0,0
河南,2024,,专科,9886,广东理工职业学院,,,351,137189,,,72,,,0,0
河南,2024,,专科,9887,广州华南商贸职业学院,,,183,347496,,,74,,,0,0
河南,2024,,专科,9888,广州华立科技职业学院,,,186,208211,,,107,,,0,0
河南,2024,,专科,9889,广州城市职业学院,,,378,106137,,,51,,,0,0
河南,2024,,专科,9890,广东工程职业技术学院,,,312,224523,,,75,,,0,0
河南,2024,,专科,9897,长春信息技术职业学院,,,235,291722,,,5,,,0,0
河南,2024,,专科,9899,嘉兴南洋职业技术学院,,,303,219452,,,35,,,0,0
河南,2024,,本一,1,北京体育大学,,,575,4004,,,19,,,0,0
河南,2024,,本一,1,北京体育大学(较高收费),,,511,28443,,,7,,,0,0
河南,2024,,本一,110,中国人民公安大学,,,602,1802,,,3,,,0,0
河南,2024,,本一,1100,中央民族大学,,,595,1570,,,168,,,0,0
河南,2024,,本一,1100,中央民族大学(国家专项),,,608,12204,,,14,,,0,0
河南,2024,,本一,1100,中央民族大学(较高收费),,,595,27214,,,5,,,0,0
河南,2024,,本一,1103,中南民族大学,,,549,6767,,,286,,,0,0
河南,2024,,本一,1105,北京大学,,,652,12,,,58,,,0,0
河南,2024,,本一,1106,北京大学医学部,,,678,111,,,36,,,0,0
河南,2024,,本一,1106,北京大学医学部(其他单列),,,682,491,,,3,,,0,0
河南,2024,,本一,1106,北京大学医学部(医护类),,,674,958,,,6,,,0,0
河南,2024,,本一,1106,北京大学医学部(国家专项),,,684,304,,,7,,,0,0
河南,2024,,本一,1110,中国人民大学,,,642,59,,,75,,,0,0
河南,2024,,本一,1113,中国人民大学(苏州校区),,,604,1108,,,11,,,0,0
河南,2024,,本一,1115,清华大学,,,658,12,,,66,,,0,0
河南,2024,,本一,1120,北京交通大学,,,589,1902,,,141,,,0,0
河南,2024,,本一,1120,北京交通大学(国家专项),,,602,11767,,,33,,,0,0
河南,2024,,本一,1120,北京交通大学(机械类较高收费),,,602,22336,,,5,,,0,0
河南,2024,,本一,1120,北京交通大学(詹天佑试点班信息类),,,642,5385,,,3,,,0,0
河南,2024,,本一,1120,北京交通大学(詹天佑试点班智能类),,,638,6413,,,4,,,0,0
河南,2024,,本一,1120,北京交通大学(较高收费),,,599,24309,,,4,,,0,0
河南,2024,,本一,1121,北京交通大学(威海校区),,,573,6088,,,31,,,0,0
河南,2024,,本一,1125,东南大学,,,612,690,,,91,,,0,0
河南,2024,,本一,1125,东南大学(医护类),,,642,3955,,,20,,,0,0
河南,2024,,本一,1125,东南大学(土木类单列专业),,,632,8139,,,55,,,0,0
河南,2024,,本一,1130,复旦大学,,,646,112,,,64,,,0,0
河南,2024,,本一,1130,复旦大学(相辉学堂计划),,,692,150,,,2,,,0,0
河南,2024,,本一,1131,复旦大学医学院,,,594,304,,,5,,,0,0
河南,2024,,本一,1131,复旦大学医学院(其他单列),,,661,1410,,,25,,,0,0
河南,2024,,本一,1131,复旦大学医学院(国家专项),,,663,1942,,,3,,,0,0
河南,2024,,本一,1135,湖南大学,,,602,974,,,310,,,0,0
河南,2024,,本一,1135,湖南大学(艺术类专业),,,582,4356,,,3,,,0,0
河南,2024,,本一,1140,华中科技大学,,,604,742,,,332,,,0,0
河南,2024,,本一,1140,华中科技大学(医学类专业),,,632,5385,,,61,,,0,0
河南,2024,,本一,1140,华中科技大学(工科类专业),,,626,6120,,,55,,,0,0
河南,2024,,本一,1140,华中科技大学(护理类专业),,,592,29369,,,10,,,0,0
河南,2024,,本一,1145,吉林大学,,,597,539,,,589,,,0,0
河南,2024,,本一,1145,吉林大学(其他单列),,,606,19869,,,7,,,0,0
河南,2024,,本一,1145,吉林大学(农林矿),,,608,13475,,,45,,,0,0
河南,2024,,本一,1145,吉林大学(医护类),,,600,23638,,,13,,,0,0
河南,2024,,本一,1145,吉林大学(国家专项),,,592,916,,,60,,,0,0
河南,2024,,本一,1145,吉林大学(较高收费),,,633,7548,,,20,,,0,0
河南,2024,,本一,1150,江南大学,,,588,2394,,,179,,,0,0
河南,2024,,本一,1150,江南大学(国家专项),,,588,16983,,,40,,,0,0
河南,2024,,本一,1150,江南大学(较高收费),,,571,6285,,,5,,,0,0
河南,2024,,本一,1155,兰州大学,,,594,1723,,,108,,,0,0
河南,2024,,本一,1155,兰州大学(医护类),,,577,5265,,,15,,,0,0
河南,2024,,本一,1155,兰州大学(国家专项),,,604,13475,,,38,,,0,0
河南,2024,,本一,1155,兰州大学(较高收费),,,606,19869,,,23,,,0,0
河南,2024,,本一,1160,南京大学,,,636,170,,,92,,,0,0
河南,2024,,本一,1160,南京大学(较高收费),,,638,6413,,,6,,,0,0
河南,2024,,本一,1165,南开大学,,,621,428,,,114,,,0,0
河南,2024,,本一,1165,南开大学(其他单列),,,643,5177,,,29,,,0,0
河南,2024,,本一,1170,山东大学,,,598,690,,,306,,,0,0
河南,2024,,本一,1170,山东大学(医护类),,,589,31680,,,10,,,0,0
河南,2024,,本一,1170,山东大学(国家专项),,,604,1108,,,24,,,0,0
河南,2024,,本一,1173,山东大学威海分校,,,598,1351,,,145,,,0,0
河南,2024,,本一,1173,山东大学威海分校(国家专项),,,596,1416,,,51,,,0,0
河南,2024,,本一,1175,四川大学,,,607,916,,,176,,,0,0
河南,2024,,本一,1175,四川大学(医护类),,,590,30887,,,9,,,0,0
河南,2024,,本一,1175,四川大学(艺术类专业),,,580,4709,,,6,,,0,0
河南,2024,,本一,1175,四川大学(较高收费),,,588,3378,,,27,,,0,0
河南,2024,,本一,1180,武汉大学,,,622,233,,,476,,,0,0
河南,2024,,本一,1180,武汉大学(其他单列),,,621,12204,,,15,,,0,0
河南,2024,,本一,1180,武汉大学(医护类),,,589,2990,,,21,,,0,0
河南,2024,,本一,1180,武汉大学(艺术类专业),,,591,2990,,,3,,,0,0
河南,2024,,本一,1180,武汉大学(药学类专业),,,641,5635,,,6,,,0,0
河南,2024,,本一,1180,武汉大学(较高收费),,,603,21656,,,2,,,0,0
河南,2024,,本一,1185,西安交通大学,,,617,742,,,136,,,0,0
河南,2024,,本一,1185,西安交通大学(医护类),,,613,2405,,,54,,,0,0
河南,2024,,本一,1185,西安交通大学(工科单列专业),,,640,4332,,,49,,,0,0
河南,2024,,本一,1185,西安交通大学(护理类),,,597,25762,,,11,,,0,0
河南,2024,,本一,1185,西安交通大学(较高收费),,,602,18642,,,18,,,0,0
河南,2024,,本一,1189,西交利物浦大学,,,540,14934,,,210,,,0,0
河南,2024,,本一,1190,厦门大学,,,617,410,,,149,,,0,0
河南,2024,,本一,1190,厦门大学(国家专项),,,618,690,,,38,,,0,0
河南,2024,,本一,1190,厦门大学(异地校区),,,578,2728,,,56,,,0,0
河南,2024,,本一,1195,浙江大学,,,634,170,,,64,,,0,0
河南,2024,,本一,1196,浙江大学医学院,,,660,1942,,,13,,,0,0
河南,2024,,本一,1196,浙江大学医学院(较高收费),,,632,8139,,,5,,,0,0
河南,2024,,本一,120,中国人民警察大学,,,542,70602,,,21,,,0,0
河南,2024,,本一,1200,华北电力大学(保定),,,578,4196,,,158,,,0,0
河南,2024,,本一,1205,中南财经政法大学,,,570,788,,,258,,,0,0
河南,2024,,本一,1205,中南财经政法大学(较高收费),,,515,25688,,,17,,,0,0
河南,2024,,本一,1210,中南大学,,,608,887,,,397,,,0,0
河南,2024,,本一,1210,中南大学(国家专项),,,608,1108,,,78,,,0,0
河南,2024,,本一,1210,中南大学(较高收费),,,606,17519,,,20,,,0,0
河南,2024,,本一,1215,中山大学,,,619,455,,,170,,,0,0
河南,2024,,本一,1215,中山大学(国家专项),,,618,614,,,67,,,0,0
河南,2024,,本一,1220,华北电力大学(北京),,,582,2393,,,116,,,0,0
河南,2024,,本一,1225,北京化工大学,,,582,2728,,,171,,,0,0
河南,2024,,本一,1225,北京化工大学(国家专项),,,609,16982,,,22,,,0,0
河南,2024,,本一,1225,北京化工大学(较高收费),,,586,30123,,,20,,,0,0
河南,2024,,本一,1230,北京科技大学,,,593,2503,,,175,,,0,0
河南,2024,,本一,1230,北京科技大学(国家专项),,,593,9133,,,32,,,0,0
河南,2024,,本一,1235,北京邮电大学,,,592,1661,,,143,,,0,0
河南,2024,,本一,1237,北京邮电大学(宏福校区),,,619,9133,,,35,,,0,0
河南,2024,,本一,1237,北京邮电大学(宏福校区)(较高收费),,,609,16982,,,8,,,0,0
河南,2024,,本一,1240,长安大学,,,575,3241,,,271,,,0,0
河南,2024,,本一,1240,长安大学(单列专业),,,586,34230,,,7,,,0,0
河南,2024,,本一,1240,长安大学(艺术类专业),,,542,15720,,,5,,,0,0
河南,2024,,本一,1240,长安大学(较高收费),,,574,37744,,,25,,,0,0
河南,2024,,本一,1245,大连理工大学,,,601,1902,,,162,,,0,0
河南,2024,,本一,1245,大连理工大学(其他单列),,,613,15913,,,9,,,0,0
河南,2024,,本一,1245,大连理工大学(单列计划),,,621,7831,,,52,,,0,0
河南,2024,,本一,1245,大连理工大学(较高收费),,,616,14396,,,3,,,0,0
河南,2024,,本一,1248,大连理工大学(盘锦校区),,,610,13475,,,70,,,0,0
河南,2024,,本一,1248,大连理工大学(盘锦校区)(较高收费),,,597,24309,,,22,,,0,0
河南,2024,,本一,1250,电子科技大学,,,594,2393,,,212,,,0,0
河南,2024,,本一,1250,电子科技大学(国家专项),,,653,2955,,,36,,,0,0
河南,2024,,本一,1251,电子科技大学(沙河校区),,,646,3955,,,36,,,0,0
河南,2024,,本一,1251,电子科技大学(沙河校区)(医护类),,,588,32528,,,5,,,0,0
河南,2024,,本一,1251,电子科技大学(沙河校区)(电子信息类),,,616,14396,,,16,,,0,0
河南,2024,,本一,1251,电子科技大学(沙河校区)(较高收费),,,625,9133,,,35,,,0,0
河南,2024,,本一,1255,东北大学,,,592,2288,,,164,,,0,0
河南,2024,,本一,1255,东北大学(农林矿),,,609,16488,,,72,,,0,0
河南,2024,,本一,1255,东北大学(较高收费),,,601,22963,,,10,,,0,0
河南,2024,,本一,1258,东北大学秦皇岛分校,,,584,3378,,,182,,,0,0
河南,2024,,本一,1258,东北大学秦皇岛分校(较高收费),,,602,18059,,,25,,,0,0
河南,2024,,本一,1260,东华大学,,,587,2990,,,104,,,0,0
河南,2024,,本一,1265,合肥工业大学,,,577,4356,,,270,,,0,0
河南,2024,,本一,1265,合肥工业大学(国家专项),,,611,12204,,,26,,,0,0
河南,2024,,本一,1268,合肥工业大学(宣城校区),,,551,12001,,,210,,,0,0
河南,2024,,本一,1268,合肥工业大学(宣城校区)(国家专项),,,597,20456,,,16,,,0,0
河南,2024,,本一,1270,河海大学,,,584,2188,,,256,,,0,0
河南,2024,,本一,1270,河海大学(较高收费),,,583,34230,,,10,,,0,0
河南,2024,,本一,1275,华东理工大学,,,579,1802,,,154,,,0,0
河南,2024,,本一,1275,华东理工大学(国家专项),,,579,3241,,,33,,,0,0
河南,2024,,本一,1280,华南理工大学,,,587,974,,,112,,,0,0
河南,2024,,本一,1285,大连海事大学,,,555,2620,,,150,,,0,0
河南,2024,,本一,1285,大连海事大学(较高收费),,,573,2855,,,26,,,0,0
河南,2024,,本一,1290,上海交通大学,,,652,76,,,14,,,0,0
河南,2024,,本一,1290,上海交通大学(其他单列),,,683,408,,,69,,,0,0
河南,2024,,本一,1290,上海交通大学(农林矿),,,663,958,,,52,,,0,0
河南,2024,,本一,1295,中国石油大学(北京),,,581,3808,,,123,,,0,0
河南,2024,,本一,1295,中国石油大学(北京)(国家专项),,,603,16488,,,10,,,0,0
河南,2024,,本一,1296,中国石油大学(北京)克拉玛依校区,,,566,5676,,,243,,,0,0
河南,2024,,本一,1300,中国石油大学(华东),,,558,5068,,,305,,,0,0
河南,2024,,本一,1300,中国石油大学(华东)(国家专项),,,588,19869,,,38,,,0,0
河南,2024,,本一,1305,天津大学,,,612,1108,,,232,,,0,0
河南,2024,,本一,1305,天津大学(医护类),,,640,5855,,,12,,,0,0
河南,2024,,本一,1310,同济大学,,,624,388,,,123,,,0,0
河南,2024,,本一,1310,同济大学(医护类),,,646,2662,,,13,,,0,0
河南,2024,,本一,1310,同济大学(艺术类专业),,,591,2990,,,4,,,0,0
河南,2024,,本一,1310,同济大学(较高收费),,,646,4551,,,8,,,0,0
河南,2024,,本一,1315,武汉理工大学,,,581,3112,,,458,,,0,0
河南,2024,,本一,1315,武汉理工大学(其他单列),,,586,34230,,,13,,,0,0
河南,2024,,本一,1315,武汉理工大学(较高收费),,,582,4356,,,15,,,0,0
河南,2024,,本一,1320,西安电子科技大学,,,583,3651,,,287,,,0,0
河南,2024,,本一,1320,西安电子科技大学(较高收费),,,608,16982,,,41,,,0,0
河南,2024,,本一,1325,西南交通大学,,,569,3241,,,256,,,0,0
河南,2024,,本一,1325,西南交通大学(较高收费),,,591,24309,,,18,,,0,0
河南,2024,,本一,1330,中国海洋大学,,,598,1351,,,153,,,0,0
河南,2024,,本一,1330,中国海洋大学(国家专项),,,618,10188,,,33,,,0,0
河南,2024,,本一,1330,中国海洋大学(较高收费),,,588,3378,,,27,,,0,0
河南,2024,,本一,1335,中国地质大学(北京),,,582,2855,,,109,,,0,0
河南,2024,,本一,1340,中国地质大学(武汉),,,580,3242,,,229,,,0,0
河南,2024,,本一,1340,中国地质大学(武汉)(其他单列),,,573,45457,,,6,,,0,0
河南,2024,,本一,1340,中国地质大学(武汉)(国家专项),,,589,14892,,,29,,,0,0
河南,2024,,本一,1340,中国地质大学(武汉)(较高收费),,,597,25050,,,6,,,0,0
河南,2024,,本一,1345,中国矿业大学(北京),,,579,4709,,,149,,,0,0
河南,2024,,本一,1345,中国矿业大学(北京)(国家专项),,,592,14891,,,16,,,0,0
河南,2024,,本一,1350,中国矿业大学,,,584,3514,,,395,,,0,0
河南,2024,,本一,1350,中国矿业大学(较高收费),,,552,44463,,,12,,,0,0
河南,2024,,本一,1355,重庆大学,,,609,1227,,,162,,,0,0
河南,2024,,本一,1355,重庆大学(国家专项),,,601,1902,,,39,,,0,0
河南,2024,,本一,1355,重庆大学(艺术类专业),,,567,7469,,,10,,,0,0
河南,2024,,本一,1355,重庆大学(较高收费),,,611,13475,,,6,,,0,0
河南,2024,,本一,1360,华中农业大学,,,577,3808,,,335,,,0,0
河南,2024,,本一,1360,华中农业大学(较高收费),,,513,8497,,,30,,,0,0
河南,2024,,本一,1365,南京农业大学,,,578,4004,,,285,,,0,0
河南,2024,,本一,1370,西北农林科技大学,,,589,2503,,,459,,,0,0
河南,2024,,本一,1370,西北农林科技大学(较高收费),,,582,35066,,,17,,,0,0
河南,2024,,本一,1375,中国农业大学,,,599,1227,,,132,,,0,0
河南,2024,,本一,1375,中国农业大学(较高收费),,,564,3651,,,15,,,0,0
河南,2024,,本一,1380,北京林业大学,,,586,1902,,,125,,,0,0
河南,2024,,本一,1380,北京林业大学(国家专项),,,583,4196,,,30,,,0,0
河南,2024,,本一,1380,北京林业大学(较高收费),,,558,53909,,,4,,,0,0
河南,2024,,本一,1385,东北林业大学,,,570,4869,,,311,,,0,0
河南,2024,,本一,1385,东北林业大学(国家专项),,,568,31680,,,41,,,0,0
河南,2024,,本一,1385,东北林业大学(较高收费),,,545,45456,,,60,,,0,0
河南,2024,,本一,1390,北京中医药大学,,,599,233,,,68,,,0,0
河南,2024,,本一,1395,中国药科大学,,,582,4196,,,108,,,0,0
河南,2024,,本一,1400,北京师范大学,,,618,285,,,102,,,0,0
河南,2024,,本一,1400,北京师范大学(艺术类专业),,,603,1723,,,2,,,0,0
河南,2024,,本一,1401,北京师范大学(珠海校区),,,615,887,,,42,,,0,0
河南,2024,,本一,1405,东北师范大学,,,587,2393,,,64,,,0,0
河南,2024,,本一,1405,东北师范大学(其他单列),,,526,82340,,,7,,,0,0
河南,2024,,本一,1405,东北师范大学(其他较高收费),,,540,7940,,,13,,,0,0
河南,2024,,本一,1405,东北师范大学(国家专项),,,586,3379,,,25,,,0,0
河南,2024,,本一,1405,东北师范大学(艺术类专业),,,540,15332,,,6,,,0,0
河南,2024,,本一,1405,东北师范大学(较高收费),,,569,7002,,,20,,,0,0
河南,2024,,本一,1410,华东师范大学,,,613,539,,,96,,,0,0
河南,2024,,本一,1410,华东师范大学(单列专业),,,628,8810,,,8,,,0,0
河南,2024,,本一,1410,华东师范大学(国家专项),,,612,887,,,24,,,0,0
河南,2024,,本一,1410,华东师范大学(艺术类专业),,,581,4526,,,2,,,0,0
河南,2024,,本一,1415,华中师范大学,,,590,1227,,,137,,,0,0
河南,2024,,本一,1415,华中师范大学(国家专项),,,591,1416,,,38,,,0,0
河南,2024,,本一,1420,陕西师范大学,,,581,3112,,,182,,,0,0
河南,2024,,本一,1420,陕西师范大学(艺术类专业),,,540,16573,,,4,,,0,0
河南,2024,,本一,1425,西南大学,,,578,2288,,,69,,,0,0
河南,2024,,本一,1425,西南大学(艺术类专业),,,542,8497,,,15,,,0,0
河南,2024,,本一,1425,西南大学(较高收费),,,571,6284,,,50,,,0,0
河南,2024,,本一,1427,西南大学(荣昌校区),,,577,5065,,,45,,,0,0
河南,2024,,本一,1427,西南大学(荣昌校区)(国家专项),,,579,4004,,,65,,,0,0
河南,2024,,本一,1427,西南大学(荣昌校区)(较高收费),,,530,100737,,,7,,,0,0
河南,2024,,本一,1430,北京外国语大学,,,598,1163,,,39,,,0,0
河南,2024,,本一,1430,北京外国语大学(国家专项),,,592,1351,,,11,,,0,0
河南,2024,,本一,1435,北京语言大学,,,565,4004,,,82,,,0,0
河南,2024,,本一,1435,北京语言大学(国家专项),,,571,5468,,,8,,,0,0
河南,2024,,本一,1440,上海外国语大学,,,594,2503,,,27,,,0,0
河南,2024,,本一,1445,上海财经大学,,,611,571,,,60,,,0,0
河南,2024,,本一,1445,上海财经大学(国家专项),,,592,10962,,,17,,,0,0
河南,2024,,本一,1450,对外经济贸易大学,,,593,1163,,,67,,,0,0
河南,2024,,本一,1450,对外经济贸易大学(国家专项),,,597,1570,,,19,,,0,0
河南,2024,,本一,1455,西南财经大学,,,573,1416,,,80,,,0,0
河南,2024,,本一,1455,西南财经大学(国家专项),,,589,1661,,,31,,,0,0
河南,2024,,本一,1455,西南财经大学(较高收费),,,580,3808,,,12,,,0,0
河南,2024,,本一,1460,中央财经大学,,,604,788,,,94,,,0,0
河南,2024,,本一,1460,中央财经大学(国家专项),,,607,839,,,17,,,0,0
河南,2024,,本一,1460,中央财经大学(较高收费),,,603,21656,,,8,,,0,0
河南,2024,,本一,1465,中国政法大学,,,604,302,,,106,,,0,0
河南,2024,,本一,1470,中国传媒大学,,,591,1570,,,62,,,0,0
河南,2024,,本一,1470,中国传媒大学(国家专项),,,594,2288,,,23,,,0,0
河南,2024,,本一,1470,中国传媒大学(艺术类专业),,,583,4004,,,4,,,0,0
河南,2024,,本一,1470,中国传媒大学(较高收费),,,575,4709,,,15,,,0,0
河南,2024,,本一,1480,北京协和医学院,,,609,18059,,,3,,,0,0
河南,2024,,本一,1485,北京航空航天大学,,,620,573,,,147,,,0,0
河南,2024,,本一,1485,北京航空航天大学(较高收费),,,643,5177,,,7,,,0,0
河南,2024,,本一,1490,北京理工大学,,,615,916,,,68,,,0,0
河南,2024,,本一,1490,北京理工大学(单列专业),,,654,2546,,,88,,,0,0
河南,2024,,本一,1491,深圳北理莫斯科大学,,,551,66810,,,14,,,0,0
河南,2024,,本一,1495,哈尔滨工业大学,,,671,1024,,,57,,,0,0
河南,2024,,本一,1495,哈尔滨工业大学(其他单列),,,606,19869,,,6,,,0,0
河南,2024,,本一,1495,哈尔滨工业大学(其他较高收费),,,629,9133,,,6,,,0,0
河南,2024,,本一,1495,哈尔滨工业大学(较高收费),,,634,7548,,,3,,,0,0
河南,2024,,本一,1496,哈尔滨工业大学(威海),,,603,1723,,,98,,,0,0
河南,2024,,本一,1496,哈尔滨工业大学(威海)(其他单列),,,632,6120,,,79,,,0,0
河南,2024,,本一,1496,哈尔滨工业大学(威海)(国家专项),,,629,8444,,,18,,,0,0
河南,2024,,本一,1497,哈尔滨工业大学(深圳),,,611,746,,,53,,,0,0
河南,2024,,本一,1497,哈尔滨工业大学(深圳)(国家专项),,,659,1410,,,8,,,0,0
河南,2024,,本一,15,上海体育大学,,,548,9687,,,57,,,0,0
河南,2024,,本一,1500,哈尔滨工程大学,,,576,3651,,,196,,,0,0
河南,2024,,本一,1500,哈尔滨工程大学(其他单列),,,603,18059,,,18,,,0,0
河南,2024,,本一,1500,哈尔滨工程大学(拔尖单列专业),,,638,6413,,,2,,,0,0
河南,2024,,本一,1500,哈尔滨工程大学(核工程单列专业),,,637,6669,,,2,,,0,0
河南,2024,,本一,1500,哈尔滨工程大学(能源单列专业),,,631,8444,,,2,,,0,0
河南,2024,,本一,1500,哈尔滨工程大学(较高收费),,,582,30887,,,18,,,0,0
河南,2024,,本一,1505,南京航空航天大学,,,562,2503,,,181,,,0,0
河南,2024,,本一,1510,南京理工大学,,,621,7249,,,152,,,0,0
河南,2024,,本一,1515,西北工业大学,,,600,1604,,,250,,,0,0
河南,2024,,本一,1515,西北工业大学(较高收费),,,617,12607,,,21,,,0,0
河南,2024,,本一,1520,暨南大学,,,577,3112,,,79,,,0,0
河南,2024,,本一,1520,暨南大学(其他单列),,,584,32528,,,20,,,0,0
河南,2024,,本一,1520,暨南大学(艺术类专业),,,561,9080,,,3,,,0,0
河南,2024,,本一,1520,暨南大学(较高收费),,,602,22336,,,2,,,0,0
河南,2024,,本一,1525,中国科学技术大学,,,678,491,,,91,,,0,0
河南,2024,,本一,1550,北京工商大学,,,564,7718,,,59,,,0,0
河南,2024,,本一,1550,北京工商大学(较高收费),,,512,128582,,,5,,,0,0
河南,2024,,本一,1560,北京工业大学,,,608,16488,,,11,,,0,0
河南,2024,,本一,1560,北京工业大学(国家专项),,,592,29369,,,10,,,0,0
河南,2024,,本一,1560,北京工业大学(较高收费),,,585,24309,,,5,,,0,0
河南,2024,,本一,1565,北京第二外国语学院,,,555,6767,,,34,,,0,0
河南,2024,,本一,1605,天津医科大学,,,578,4153,,,51,,,0,0
河南,2024,,本一,1630,河北工业大学,,,570,4709,,,44,,,0,0
河南,2024,,本一,1630,河北工业大学(较高收费),,,571,41509,,,12,,,0,0
河南,2024,,本一,1635,燕山大学,,,562,7002,,,100,,,0,0
河南,2024,,本一,1635,燕山大学(较高收费),,,557,50642,,,10,,,0,0
河南,2024,,本一,1640,石家庄铁道大学,,,545,12326,,,128,,,0,0
河南,2024,,本一,1660,山西大学,,,524,5468,,,144,,,0,0
河南,2024,,本一,1660,山西大学(艺术类专业),,,521,25688,,,6,,,0,0
河南,2024,,本一,1680,内蒙古大学,,,549,4196,,,85,,,0,0
河南,2024,,本一,1690,辽宁大学,,,576,2855,,,124,,,0,0
河南,2024,,本一,1690,辽宁大学(中澳较高收费),,,559,8497,,,19,,,0,0
河南,2024,,本一,1690,辽宁大学(单列专业),,,549,13056,,,9,,,0,0
河南,2024,,本一,1690,辽宁大学(较高收费),,,549,8193,,,12,,,0,0
河南,2024,,本一,1695,辽宁工程技术大学,,,524,18736,,,219,,,0,0
河南,2024,,本一,1695,辽宁工程技术大学(国家专项),,,526,78339,,,57,,,0,0
河南,2024,,本一,1710,沈阳农业大学,,,518,70602,,,182,,,0,0
河南,2024,,本一,1710,沈阳农业大学(较高收费),,,533,96379,,,4,,,0,0
河南,2024,,本一,1715,沈阳药科大学,,,512,23638,,,86,,,0,0
河南,2024,,本一,1725,东北财经大学,,,566,3514,,,47,,,0,0
河南,2024,,本一,1725,东北财经大学(国家专项),,,576,3651,,,15,,,0,0
河南,2024,,本一,1725,东北财经大学(较高收费),,,543,12326,,,20,,,0,0
河南,2024,,本一,1740,延边大学,,,560,5676,,,74,,,0,0
河南,2024,,本一,1740,延边大学(较高收费),,,558,7940,,,4,,,0,0
河南,2024,,本一,1745,长春理工大学,,,523,16148,,,43,,,0,0
河南,2024,,本一,1745,长春理工大学(测控较高收费),,,548,69342,,,10,,,0,0
河南,2024,,本一,1745,长春理工大学(生物类较高收费),,,525,108197,,,9,,,0,0
河南,2024,,本一,1745,长春理工大学(较高收费),,,572,42445,,,31,,,0,0
河南,2024,,本一,175,中国科学院大学,,,674,304,,,31,,,0,0
河南,2024,,本一,1760,东北农业大学,,,563,6515,,,200,,,0,0
河南,2024,,本一,1760,东北农业大学(其他单列),,,523,22068,,,12,,,0,0
河南,2024,,本一,1760,东北农业大学(国家专项),,,573,5265,,,18,,,0,0
河南,2024,,本一,1760,东北农业大学(计算机类较高收费),,,553,69342,,,2,,,0,0
河南,2024,,本一,1760,东北农业大学(较高收费),,,538,89194,,,3,,,0,0
河南,2024,,本一,1760,东北农业大学(食品类较高收费),,,547,77002,,,2,,,0,0
河南,2024,,本一,1765,哈尔滨医科大学,,,534,13805,,,64,,,0,0
河南,2024,,本一,1765,哈尔滨医科大学(国家专项),,,605,20456,,,9,,,0,0
河南,2024,,本一,1790,上海大学,,,594,2394,,,187,,,0,0
河南,2024,,本一,1790,上海大学(国家专项),,,619,12608,,,17,,,0,0
河南,2024,,本一,1790,上海大学(艺术类专业),,,560,8498,,,4,,,0,0
河南,2024,,本一,1790,上海大学(较高收费),,,577,5265,,,53,,,0,0
河南,2024,,本一,1795,上海理工大学,,,546,11610,,,149,,,0,0
河南,2024,,本一,1795,上海理工大学(较高收费),,,538,13805,,,37,,,0,0
河南,2024,,本一,1805,上海对外经贸大学,,,564,4356,,,85,,,0,0
河南,2024,,本一,1805,上海对外经贸大学(较高收费),,,555,7469,,,28,,,0,0
河南,2024,,本一,1810,华东政法大学,,,567,1163,,,129,,,0,0
河南,2024,,本一,1830,苏州大学,,,593,1570,,,112,,,0,0
河南,2024,,本一,1830,苏州大学(国家专项),,,591,2990,,,1,,,0,0
河南,2024,,本一,1830,苏州大学(较高收费),,,582,37744,,,2,,,0,0
河南,2024,,本一,1835,扬州大学,,,566,5468,,,119,,,0,0
河南,2024,,本一,1840,江苏大学,,,572,4869,,,191,,,0,0
河南,2024,,本一,1840,江苏大学(国家专项),,,588,28637,,,17,,,0,0
河南,2024,,本一,1845,南京工业大学,,,538,7718,,,181,,,0,0
河南,2024,,本一,1845,南京工业大学(国家专项),,,580,27919,,,25,,,0,0
河南,2024,,本一,1855,南京师范大学,,,590,1985,,,75,,,0,0
河南,2024,,本一,1855,南京师范大学(国家专项),,,587,2288,,,25,,,0,0
河南,2024,,本一,1860,南京信息工程大学,,,571,4526,,,161,,,0,0
河南,2024,,本一,1860,南京信息工程大学(国家专项),,,585,27214,,,26,,,0,0
河南,2024,,本一,1860,南京信息工程大学(定向),,,605,20456,,,1,,,0,0
河南,2024,,本一,1860,南京信息工程大学(较高收费),,,563,45456,,,19,,,0,0
河南,2024,,本一,1880,宁波大学,,,573,5068,,,122,,,0,0
河南,2024,,本一,1880,宁波大学(国家专项),,,583,34230,,,21,,,0,0
河南,2024,,本一,1880,宁波大学(较高收费),,,512,19197,,,18,,,0,0
河南,2024,,本一,1885,安徽大学,,,576,3378,,,105,,,0,0
河南,2024,,本一,1885,安徽大学(较高收费),,,581,35066,,,22,,,0,0
河南,2024,,本一,1895,福州大学,,,576,3241,,,69,,,0,0
河南,2024,,本一,1895,福州大学(其他单列),,,567,42445,,,14,,,0,0
河南,2024,,本一,1895,福州大学(异地校区),,,562,33383,,,24,,,0,0
河南,2024,,本一,1895,福州大学(较高收费),,,589,25762,,,10,,,0,0
河南,2024,,本一,191,中国社会科学院大学,,,596,916,,,29,,,0,0
河南,2024,,本一,1910,南昌大学,,,577,3112,,,217,,,0,0
河南,2024,,本一,1910,南昌大学(较高收费),,,590,30887,,,30,,,0,0
河南,2024,,本一,1915,江西财经大学,,,560,4869,,,73,,,0,0
河南,2024,,本一,1915,江西财经大学(较高收费),,,563,6284,,,18,,,0,0
河南,2024,,本一,1930,湘潭大学,,,556,2855,,,232,,,0,0
河南,2024,,本一,1930,湘潭大学(较高收费),,,581,38682,,,3,,,0,0
河南,2024,,本一,1935,湖南师范大学,,,551,2393,,,154,,,0,0
河南,2024,,本一,1935,湖南师范大学(艺术类专业),,,545,7469,,,3,,,0,0
河南,2024,,本一,1960,广东外语外贸大学,,,560,3651,,,36,,,0,0
河南,2024,,本一,1965,深圳大学,,,586,2504,,,51,,,0,0
河南,2024,,本一,1965,深圳大学(较高收费),,,582,29370,,,4,,,0,0
河南,2024,,本一,1966,深圳技术大学,,,557,6284,,,59,,,0,0
河南,2024,,本一,1970,华南农业大学,,,548,30123,,,156,,,0,0
河南,2024,,本一,1975,广州中医药大学,,,547,1108,,,52,,,0,0
河南,2024,,本一,1985,华南师范大学,,,581,3651,,,48,,,0,0
河南,2024,,本一,2000,广西大学,,,564,4869,,,105,,,0,0
河南,2024,,本一,2025,重庆医科大学,,,551,9498,,,43,,,0,0
河南,2024,,本一,2025,重庆医科大学(护理学单列专业),,,559,61939,,,5,,,0,0
河南,2024,,本一,2025,重庆医科大学(较高收费),,,601,22963,,,2,,,0,0
河南,2024,,本一,2030,西南政法大学,,,591,974,,,80,,,0,0
河南,2024,,本一,2030,西南政法大学(较高收费),,,597,2189,,,8,,,0,0
河南,2024,,本一,2035,重庆邮电大学,,,550,12699,,,128,,,0,0
河南,2024,,本一,2035,重庆邮电大学(软件单列专业),,,600,23638,,,15,,,0,0
河南,2024,,本一,2035,重庆邮电大学(较高收费),,,588,32528,,,10,,,0,0
河南,2024,,本一,2080,云南大学,,,574,3378,,,117,,,0,0
河南,2024,,本一,2080,云南大学(较高收费),,,520,115830,,,5,,,0,0
河南,2024,,本一,2090,西北大学,,,585,2288,,,58,,,0,0
河南,2024,,本一,2090,西北大学(艺术类专业),,,556,10619,,,2,,,0,0
河南,2024,,本一,2090,西北大学(较高收费),,,591,30123,,,6,,,0,0
河南,2024,,本一,2095,陕西科技大学,,,554,9080,,,103,,,0,0
河南,2024,,本一,2095,陕西科技大学(较高收费),,,534,75686,,,19,,,0,0
河南,2024,,本一,2100,西安建筑科技大学,,,535,7002,,,89,,,0,0
河南,2024,,本一,2100,西安建筑科技大学(较高收费),,,516,99299,,,8,,,0,0
河南,2024,,本一,2105,西安邮电大学,,,549,10619,,,72,,,0,0
河南,2024,,本一,2105,西安邮电大学(较高收费),,,588,32528,,,5,,,0,0
河南,2024,,本一,2110,西安外国语大学,,,535,8811,,,34,,,0,0
河南,2024,,本一,2115,西北政法大学,,,577,2188,,,69,,,0,0
河南,2024,,本一,2115,西北政法大学(艺术类专业),,,534,18289,,,5,,,0,0
河南,2024,,本一,2120,新疆大学,,,553,4709,,,423,,,0,0
河南,2024,,本一,2120,新疆大学(较高收费),,,574,45456,,,93,,,0,0
河南,2024,,本一,2125,青海大学,,,562,8811,,,187,,,0,0
河南,2024,,本一,2130,石河子大学,,,558,6284,,,344,,,0,0
河南,2024,,本一,2130,石河子大学(国家专项),,,571,31680,,,12,,,0,0
河南,2024,,本一,2130,石河子大学(软件类单列专业),,,571,48594,,,16,,,0,0
河南,2024,,本一,2200,首都医科大学,,,599,1942,,,25,,,0,0
河南,2024,,本一,2200,首都医科大学(国家专项),,,584,31680,,,5,,,0,0
河南,2024,,本一,2205,青岛大学,,,556,5879,,,88,,,0,0
河南,2024,,本一,2210,湖北大学,,,565,4869,,,149,,,0,0
河南,2024,,本一,2210,湖北大学(较高收费),,,540,79655,,,33,,,0,0
河南,2024,,本一,2215,中国民航大学,,,555,5265,,,263,,,0,0
河南,2024,,本一,2215,中国民航大学(国家专项),,,581,32528,,,28,,,0,0
河南,2024,,本一,2220,武汉科技大学,,,546,7718,,,184,,,0,0
河南,2024,,本一,2225,首都师范大学,,,579,4004,,,21,,,0,0
河南,2024,,本一,2225,首都师范大学(国家专项),,,579,4709,,,10,,,0,0
河南,2024,,本一,2230,天津财经大学,,,537,5265,,,101,,,0,0
河南,2024,,本一,2230,天津财经大学(较高收费),,,550,12699,,,7,,,0,0
河南,2024,,本一,2235,东北电力大学,,,537,22963,,,200,,,0,0
河南,2024,,本一,2235,东北电力大学(国家专项),,,586,28637,,,8,,,0,0
河南,2024,,本一,2235,东北电力大学(电气类较高收费),,,590,30887,,,15,,,0,0
河南,2024,,本一,2235,东北电力大学(较高收费),,,519,117381,,,5,,,0,0
河南,2024,,本一,2240,南京审计大学,,,566,2728,,,133,,,0,0
河南,2024,,本一,2240,南京审计大学(较高收费),,,569,7002,,,10,,,0,0
河南,2024,,本一,2250,天津外国语大学,,,530,10012,,,66,,,0,0
河南,2024,,本一,2250,天津外国语大学(其他单列),,,516,10012,,,8,,,0,0
河南,2024,,本一,2250,天津外国语大学(较高收费),,,521,17884,,,10,,,0,0
河南,2024,,本一,2255,浙江理工大学,,,559,7217,,,119,,,0,0
河南,2024,,本一,2255,浙江理工大学(其他单列),,,552,65558,,,8,,,0,0
河南,2024,,本一,2255,浙江理工大学(较高收费),,,523,111166,,,9,,,0,0
河南,2024,,本一,2260,上海交通大学医学院,,,690,215,,,3,,,0,0
河南,2024,,本一,2260,上海交通大学医学院(医护类),,,666,881,,,29,,,0,0
河南,2024,,本一,2265,南京财经大学,,,556,5068,,,66,,,0,0
河南,2024,,本一,2270,江苏科技大学,,,537,9687,,,177,,,0,0
河南,2024,,本一,2270,江苏科技大学(国家专项),,,561,42445,,,15,,,0,0
河南,2024,,本一,2275,青岛科技大学,,,528,39605,,,62,,,0,0
河南,2024,,本一,2275,青岛科技大学(国家专项),,,570,48594,,,10,,,0,0
河南,2024,,本一,2275,青岛科技大学(较高收费),,,514,99299,,,30,,,0,0
河南,2024,,本一,2280,北京建筑大学,,,563,37744,,,43,,,0,0
河南,2024,,本一,2285,沈阳建筑大学,,,521,20613,,,119,,,0,0
河南,2024,,本一,2290,中国计量大学,,,557,8811,,,131,,,0,0
河南,2024,,本一,2290,中国计量大学(国家专项),,,576,30887,,,19,,,0,0
河南,2024,,本一,2295,南华大学,,,539,8193,,,150,,,0,0
河南,2024,,本一,2300,长沙理工大学,,,557,6767,,,181,,,0,0
河南,2024,,本一,2305,贵州大学,,,559,4526,,,81,,,0,0
河南,2024,,本一,2305,贵州大学(只招有志愿考生),,,534,94894,,,8,,,0,0
河南,2024,,本一,2305,贵州大学(软件类单列专业),,,600,23638,,,6,,,0,0
河南,2024,,本一,2305,贵州大学(较高收费),,,518,19675,,,24,,,0,0
河南,2024,,本一,2310,南方医科大学,,,572,3378,,,68,,,0,0
河南,2024,,本一,2315,南京邮电大学,,,591,12204,,,103,,,0,0
河南,2024,,本一,2315,南京邮电大学(国家专项),,,589,20456,,,26,,,0,0
河南,2024,,本一,2320,北方工业大学,,,561,6284,,,59,,,0,0
河南,2024,,本一,2320,北方工业大学(较高收费),,,511,122158,,,5,,,0,0
河南,2024,,本一,2325,华侨大学,,,513,8811,,,134,,,0,0
河南,2024,,本一,2330,西安工业大学,,,557,8811,,,70,,,0,0
河南,2024,,本一,2330,西安工业大学(较高收费),,,565,50642,,,14,,,0,0
河南,2024,,本一,2340,汕头大学,,,562,6767,,,63,,,0,0
河南,2024,,本一,2345,宁波诺丁汉大学,,,534,7217,,,66,,,0,0
河南,2024,,本一,2350,大连民族大学,,,527,22561,,,54,,,0,0
河南,2024,,本一,2350,大连民族大学(国家专项),,,539,17011,,,7,,,0,0
河南,2024,,本一,2355,四川农业大学,,,580,24309,,,159,,,0,0
河南,2024,,本一,2355,四川农业大学(较高收费),,,527,90628,,,22,,,0,0
河南,2024,,本一,2360,温州肯恩大学,,,523,20613,,,65,,,0,0
河南,2024,,本一,2365,太原理工大学,,,579,4004,,,125,,,0,0
河南,2024,,本一,2365,太原理工大学(较高收费),,,585,35066,,,10,,,0,0
河南,2024,,本一,2375,东北石油大学,,,524,17448,,,326,,,0,0
河南,2024,,本一,2380,北京信息科技大学,,,529,12001,,,62,,,0,0
河南,2024,,本一,2385,安徽财经大学,,,529,7002,,,108,,,0,0
河南,2024,,本一,2385,安徽财经大学(较高收费),,,544,80952,,,2,,,0,0
河南,2024,,本一,2390,上海师范大学,,,534,6767,,,254,,,0,0
河南,2024,,本一,2390,上海师范大学(较高收费),,,542,14531,,,42,,,0,0
河南,2024,,本一,2395,集美大学,,,526,7940,,,194,,,0,0
河南,2024,,本一,2400,北京物资学院,,,529,9687,,,34,,,0,0
河南,2024,,本一,2400,北京物资学院(国家专项),,,559,48594,,,10,,,0,0
河南,2024,,本一,2405,天津师范大学,,,551,5879,,,224,,,0,0
河南,2024,,本一,2405,天津师范大学(国家专项),,,514,7940,,,15,,,0,0
河南,2024,,本一,2405,天津师范大学(艺术类专业),,,514,25688,,,15,,,0,0
河南,2024,,本一,2405,天津师范大学(较高收费),,,569,50642,,,30,,,0,0
河南,2024,,本一,2410,青岛理工大学,,,520,9687,,,84,,,0,0
河南,2024,,本一,2410,青岛理工大学(国家专项),,,559,43459,,,23,,,0,0
河南,2024,,本一,2415,浙江工业大学,,,596,21039,,,72,,,0,0
河南,2024,,本一,2415,浙江工业大学(较高收费),,,516,83672,,,10,,,0,0
河南,2024,,本一,2420,杭州电子科技大学,,,563,7940,,,94,,,0,0
河南,2024,,本一,2420,杭州电子科技大学(较高收费),,,600,21039,,,8,,,0,0
河南,2024,,本一,2425,湖南科技大学,,,529,10012,,,169,,,0,0
河南,2024,,本一,2430,南昌航空大学,,,534,17448,,,135,,,0,0
河南,2024,,本一,2430,南昌航空大学(其他单列),,,574,43459,,,14,,,0,0
河南,2024,,本一,2435,江西理工大学,,,536,13056,,,190,,,0,0
河南,2024,,本一,2440,长江大学,,,546,12326,,,278,,,0,0
河南,2024,,本一,2440,长江大学(较高收费),,,517,120583,,,5,,,0,0
河南,2024,,本一,2450,成都理工大学,,,559,25049,,,91,,,0,0
河南,2024,,本一,2450,成都理工大学(异地校区),,,569,7002,,,31,,,0,0
河南,2024,,本一,2450,成都理工大学(艺术类专业),,,529,21051,,,8,,,0,0
河南,2024,,本一,2500,首都经济贸易大学,,,527,5879,,,25,,,0,0
河南,2024,,本一,2500,首都经济贸易大学(较高收费),,,540,86324,,,7,,,0,0
河南,2024,,本一,2505,南京林业大学,,,556,7940,,,110,,,0,0
河南,2024,,本一,2505,南京林业大学(较高收费),,,513,97837,,,4,,,0,0
河南,2024,,本一,2510,西南科技大学,,,527,12001,,,115,,,0,0
河南,2024,,本一,2515,西南石油大学,,,539,5879,,,183,,,0,0
河南,2024,,本一,2515,西南石油大学(艺术类专业),,,532,19676,,,7,,,0,0
河南,2024,,本一,2520,西安工程大学,,,526,15332,,,173,,,0,0
河南,2024,,本一,2525,天津工业大学,,,570,5068,,,61,,,0,0
河南,2024,,本一,2525,天津工业大学(国家专项),,,588,25762,,,15,,,0,0
河南,2024,,本一,2525,天津工业大学(艺术类专业),,,530,21051,,,5,,,0,0
河南,2024,,本一,2525,天津工业大学(较高收费),,,582,31680,,,16,,,0,0
河南,2024,,本一,2530,中北大学,,,527,14934,,,183,,,0,0
河南,2024,,本一,2535,西安科技大学,,,554,11266,,,104,,,0,0
河南,2024,,本一,2540,河北科技大学,,,550,58400,,,86,,,0,0
河南,2024,,本一,2545,河北工程大学,,,524,51686,,,33,,,0,0
河南,2024,,本一,2550,北京联合大学,,,537,11266,,,13,,,0,0
河南,2024,,本一,2555,大连交通大学,,,566,38682,,,51,,,0,0
河南,2024,,本一,2560,温州医科大学,,,517,11767,,,110,,,0,0
河南,2024,,本一,2560,温州医科大学(国家专项),,,566,47548,,,8,,,0,0
河南,2024,,本一,2565,南通大学,,,536,7469,,,241,,,0,0
河南,2024,,本一,2570,上海中医药大学,,,580,7249,,,27,,,0,0
河南,2024,,本一,2570,上海中医药大学(国家专项),,,578,33383,,,10,,,0,0
河南,2024,,本一,2570,上海中医药大学(较高收费),,,580,39605,,,3,,,0,0
河南,2024,,本一,2575,浙江师范大学,,,560,4709,,,41,,,0,0
河南,2024,,本一,2575,浙江师范大学(教育类较高收费),,,513,126985,,,2,,,0,0
河南,2024,,本一,2575,浙江师范大学(艺术类专业),,,522,21051,,,8,,,0,0
河南,2024,,本一,2575,浙江师范大学(较高收费),,,571,48594,,,6,,,0,0
河南,2024,,本一,2580,安徽理工大学,,,529,37744,,,201,,,0,0
河南,2024,,本一,2580,安徽理工大学(较高收费),,,557,64313,,,4,,,0,0
河南,2024,,本一,2600,天津中医药大学,,,517,9080,,,164,,,0,0
河南,2024,,本一,2600,天津中医药大学(较高收费),,,555,66810,,,2,,,0,0
河南,2024,,本一,2605,中国医科大学,,,598,13941,,,31,,,0,0
河南,2024,,本一,2605,中国医科大学(较高收费),,,548,68050,,,6,,,0,0
河南,2024,,本一,2610,黑龙江中医药大学,,,528,7469,,,94,,,0,0
河南,2024,,本一,2615,湖南中医药大学,,,518,3651,,,117,,,0,0
河南,2024,,本一,2620,成都中医药大学,,,526,2288,,,44,,,0,0
河南,2024,,本一,2625,新疆医科大学,,,530,22963,,,144,,,0,0
河南,2024,,本一,2630,山西医科大学,,,522,18059,,,70,,,0,0
河南,2024,,本一,2635,大连医科大学,,,511,49566,,,68,,,0,0
河南,2024,,本一,2635,大连医科大学(国家专项),,,541,84991,,,12,,,0,0
河南,2024,,本一,2650,广西医科大学,,,533,16488,,,30,,,0,0
河南,2024,,本一,2655,湖北中医药大学,,,522,15720,,,131,,,0,0
河南,2024,,本一,2750,海南大学,,,565,3651,,,508,,,0,0
河南,2024,,本一,2750,海南大学(其他单列),,,592,29369,,,25,,,0,0
河南,2024,,本一,2750,海南大学(较高收费),,,524,22561,,,46,,,0,0
河南,2024,,本一,2755,宁夏大学,,,574,4526,,,61,,,0,0
河南,2024,,本一,2755,宁夏大学(中卫校区单列专业),,,549,13056,,,18,,,0,0
河南,2024,,本一,2755,宁夏大学(较高收费),,,558,8811,,,12,,,0,0
河南,2024,,本一,2780,山东科技大学,,,539,13056,,,76,,,0,0
河南,2024,,本一,2780,山东科技大学(较高收费),,,527,96379,,,10,,,0,0
河南,2024,,本一,2780,山东科技大学(金融类较高收费),,,512,128582,,,3,,,0,0
河南,2024,,本一,2785,河北大学,,,522,5468,,,106,,,0,0
河南,2024,,本一,2790,辽宁石油化工大学,,,523,71851,,,158,,,0,0
河南,2024,,本一,2790,辽宁石油化工大学(国家专项),,,552,66810,,,14,,,0,0
河南,2024,,本一,2795,沈阳工业大学,,,532,18289,,,94,,,0,0
河南,2024,,本一,2800,中南林业科技大学,,,523,10923,,,187,,,0,0
河南,2024,,本一,2805,西安理工大学,,,533,22963,,,71,,,0,0
河南,2024,,本一,2805,西安理工大学(较高收费),,,513,58400,,,15,,,0,0
河南,2024,,本一,2810,安徽工业大学,,,531,15332,,,105,,,0,0
河南,2024,,本一,2815,安徽医科大学,,,568,30887,,,18,,,0,0
河南,2024,,本一,2850,广州大学,,,567,4869,,,36,,,0,0
河南,2024,,本一,2855,广州医科大学,,,564,19256,,,25,,,0,0
河南,2024,,本一,2860,上海海事大学,,,568,5068,,,111,,,0,0
河南,2024,,本一,2860,上海海事大学(国家专项),,,562,58400,,,5,,,0,0
河南,2024,,本一,2865,重庆交通大学,,,541,12001,,,117,,,0,0
河南,2024,,本一,2865,重庆交通大学(较高收费),,,567,52721,,,7,,,0,0
河南,2024,,本一,2870,天津理工大学,,,525,16148,,,303,,,0,0
河南,2024,,本一,2870,天津理工大学(较高收费),,,519,79655,,,31,,,0,0
河南,2024,,本一,2875,上海海洋大学,,,555,6767,,,155,,,0,0
河南,2024,,本一,2875,上海海洋大学(较高收费),,,539,17011,,,10,,,0,0
河南,2024,,本一,2880,常州大学,,,530,14531,,,150,,,0,0
河南,2024,,本一,2885,华东交通大学,,,524,10619,,,134,,,0,0
河南,2024,,本一,2890,重庆工商大学,,,541,6285,,,103,,,0,0
河南,2024,,本一,2890,重庆工商大学(较高收费),,,515,25182,,,6,,,0,0
河南,2024,,本一,2895,武汉工程大学,,,517,7217,,,184,,,0,0
河南,2024,,本一,2895,武汉工程大学(较高收费),,,553,9080,,,12,,,0,0
河南,2024,,本一,2900,太原科技大学,,,551,66810,,,62,,,0,0
河南,2024,,本一,2905,三峡大学,,,531,13425,,,160,,,0,0
河南,2024,,本一,2905,三峡大学(较高收费),,,591,30123,,,2,,,0,0
河南,2024,,本一,2910,四川外国语大学,,,527,7002,,,38,,,0,0
河南,2024,,本一,2915,西安石油大学,,,536,13425,,,123,,,0,0
河南,2024,,本一,2920,山西财经大学,,,523,7940,,,41,,,0,0
河南,2024,,本一,2925,上海立信会计金融学院,,,519,6088,,,159,,,0,0
河南,2024,,本一,2930,广东工业大学,,,558,8497,,,72,,,0,0
河南,2024,,本一,2935,辽宁科技大学,,,533,75686,,,37,,,0,0
河南,2024,,本一,2935,辽宁科技大学(其他单列),,,517,120583,,,2,,,0,0
河南,2024,,本一,2935,辽宁科技大学(国家专项),,,555,59579,,,9,,,0,0
河南,2024,,本一,2986,香港城市大学(东莞),,,620,8139,,,10,,,0,0
河南,2024,,本一,3010,西北民族大学,,,573,44463,,,6,,,0,0
河南,2024,,本一,3015,北方民族大学,,,534,14934,,,83,,,0,0
河南,2024,,本一,3015,北方民族大学(国家专项),,,536,87758,,,11,,,0,0
河南,2024,,本一,3020,西南民族大学,,,523,6515,,,26,,,0,0
河南,2024,,本一,3020,西南民族大学(国家专项),,,564,6767,,,20,,,0,0
河南,2024,,本一,3035,中国劳动关系学院,,,555,10619,,,26,,,0,0
河南,2024,,本一,3035,中国劳动关系学院(国家专项),,,517,6088,,,24,,,0,0
河南,2024,,本一,3040,上海电力大学,,,552,11266,,,149,,,0,0
河南,2024,,本一,3040,上海电力大学(较高收费),,,603,21656,,,8,,,0,0
河南,2024,,本一,305,国防科技大学,,,649,1604,,,45,,,0,0
河南,2024,,本一,3060,中国民用航空飞行学院,,,528,20150,,,183,,,0,0
河南,2024,,本一,3110,塔里木大学,,,543,82340,,,10,,,0,0
河南,2024,,本一,3110,塔里木大学(国家专项),,,538,89194,,,15,,,0,0
河南,2024,,本一,3175,北京印刷学院,,,540,8811,,,49,,,0,0
河南,2024,,本一,3200,天津科技大学,,,524,10292,,,395,,,0,0
河南,2024,,本一,3200,天津科技大学(较高收费),,,540,16573,,,19,,,0,0
河南,2024,,本一,3240,天津商业大学,,,517,10292,,,553,,,0,0
河南,2024,,本一,3240,天津商业大学(国家专项),,,551,11266,,,12,,,0,0
河南,2024,,本一,3275,河北医科大学,,,587,26465,,,20,,,0,0
河南,2024,,本一,3280,河北师范大学,,,512,14531,,,43,,,0,0
河南,2024,,本一,3280,河北师范大学(较高收费),,,554,68050,,,13,,,0,0
河南,2024,,本一,3310,华北理工大学,,,529,20613,,,175,,,0,0
河南,2024,,本一,3400,山西中医药大学,,,577,5265,,,4,,,0,0
河南,2024,,本一,3460,内蒙古科技大学,,,533,92030,,,16,,,0,0
河南,2024,,本一,3530,大连工业大学,,,527,17884,,,115,,,0,0
河南,2024,,本一,3530,大连工业大学(国家专项),,,589,31680,,,1,,,0,0
河南,2024,,本一,3545,沈阳理工大学,,,563,48594,,,75,,,0,0
河南,2024,,本一,3545,沈阳理工大学(国家专项),,,562,58400,,,5,,,0,0
河南,2024,,本一,3545,沈阳理工大学(较高收费),,,531,99299,,,10,,,0,0
河南,2024,,本一,3550,沈阳航空航天大学,,,573,29369,,,149,,,0,0
河南,2024,,本一,3550,沈阳航空航天大学(其他单列),,,554,61939,,,9,,,0,0
河南,2024,,本一,3550,沈阳航空航天大学(国家专项),,,578,41509,,,8,,,0,0
河南,2024,,本一,3550,沈阳航空航天大学(较高收费),,,549,74409,,,10,,,0,0
河南,2024,,本一,3595,大连外国语大学,,,524,12326,,,91,,,0,0
河南,2024,,本一,3595,大连外国语大学(较高收费),,,525,23548,,,1,,,0,0
河南,2024,,本一,3630,长春工业大学(国家专项),,,543,61939,,,30,,,0,0
河南,2024,,本一,3635,吉林农业大学(国家专项),,,514,96379,,,52,,,0,0
河南,2024,,本一,3665,长春中医药大学,,,535,11266,,,92,,,0,0
河南,2024,,本一,3665,长春中医药大学(国家专项),,,565,53909,,,8,,,0,0
河南,2024,,本一,3690,吉林财经大学,,,518,11266,,,123,,,0,0
河南,2024,,本一,3690,吉林财经大学(较高收费),,,504,21051,,,18,,,0,0
河南,2024,,本一,3695,黑龙江大学,,,537,6515,,,211,,,0,0
河南,2024,,本一,3705,哈尔滨理工大学,,,521,23548,,,383,,,0,0
河南,2024,,本一,3725,哈尔滨商业大学,,,516,13425,,,224,,,0,0
河南,2024,,本一,3780,上海工程技术大学,,,528,18289,,,156,,,0,0
河南,2024,,本一,3780,上海工程技术大学(国家专项),,,558,63132,,,4,,,0,0
河南,2024,,本一,3815,上海应用技术大学,,,518,16148,,,262,,,0,0
河南,2024,,本一,3815,上海应用技术大学(较高收费),,,525,23548,,,34,,,0,0
河南,2024,,本一,3830,南京医科大学,,,603,15913,,,14,,,0,0
河南,2024,,本一,3835,南京中医药大学,,,525,8444,,,76,,,0,0
河南,2024,,本一,3860,江苏海洋大学,,,523,15332,,,52,,,0,0
河南,2024,,本一,3880,南京工程学院,,,529,12699,,,260,,,0,0
河南,2024,,本一,3880,南京工程学院(电气类较高收费),,,588,32528,,,5,,,0,0
河南,2024,,本一,3880,南京工程学院(较高收费),,,548,75686,,,6,,,0,0
河南,2024,,本一,3890,苏州科技大学,,,538,8497,,,122,,,0,0
河南,2024,,本一,3890,苏州科技大学(较高收费),,,540,55035,,,10,,,0,0
河南,2024,,本一,3900,徐州医科大学,,,528,25762,,,30,,,0,0
河南,2024,,本一,3960,浙江传媒学院,,,526,9080,,,23,,,0,0
河南,2024,,本一,4010,浙江科技大学,,,532,17448,,,155,,,0,0
河南,2024,,本一,4010,浙江科技大学(较高收费),,,523,22561,,,30,,,0,0
河南,2024,,本一,4020,浙江海洋大学,,,540,78339,,,21,,,0,0
河南,2024,,本一,4025,浙江农林大学,,,527,6767,,,185,,,0,0
河南,2024,,本一,4025,浙江农林大学(较高收费),,,520,115830,,,3,,,0,0
河南,2024,,本一,4030,浙江中医药大学,,,535,18642,,,164,,,0,0
河南,2024,,本一,4040,湖州师范学院,,,528,13425,,,31,,,0,0
河南,2024,,本一,4050,温州大学,,,536,8497,,,91,,,0,0
河南,2024,,本一,4050,温州大学(较高收费),,,540,86324,,,5,,,0,0
河南,2024,,本一,4055,杭州师范大学,,,545,5879,,,129,,,0,0
河南,2024,,本一,4055,杭州师范大学(较高收费),,,534,89194,,,12,,,0,0
河南,2024,,本一,4060,浙江工商大学,,,566,4004,,,60,,,0,0
河南,2024,,本一,4060,浙江工商大学(国家专项),,,561,7940,,,10,,,0,0
河南,2024,,本一,4060,浙江工商大学(较高收费),,,568,49566,,,32,,,0,0
河南,2024,,本一,4065,浙江财经大学,,,558,5068,,,62,,,0,0
河南,2024,,本一,4065,浙江财经大学(较高收费),,,540,10619,,,12,,,0,0
河南,2024,,本一,4090,安徽农业大学,,,527,11266,,,90,,,0,0
河南,2024,,本一,4100,安徽师范大学,,,519,6515,,,75,,,0,0
河南,2024,,本一,4125,安徽建筑大学,,,532,18289,,,66,,,0,0
河南,2024,,本一,4130,蚌埠医科大学,,,586,34230,,,10,,,0,0
河南,2024,,本一,4195,福建农林大学,,,516,19675,,,136,,,0,0
河南,2024,,本一,4200,福建医科大学,,,511,11767,,,115,,,0,0
河南,2024,,本一,4205,福建师范大学,,,530,7718,,,100,,,0,0
河南,2024,,本一,4205,福建师范大学(其他较高收费),,,556,61939,,,10,,,0,0
河南,2024,,本一,4205,福建师范大学(较高收费),,,521,25688,,,26,,,0,0
河南,2024,,本一,4260,江西师范大学,,,526,6767,,,96,,,0,0
河南,2024,,本一,4260,江西师范大学(艺术类专业),,,518,24648,,,4,,,0,0
河南,2024,,本一,4275,东华理工大学,,,535,14153,,,95,,,0,0
河南,2024,,本一,4295,赣南医科大学,,,571,39605,,,16,,,0,0
河南,2024,,本一,4300,江西中医药大学,,,549,59579,,,20,,,0,0
河南,2024,,本一,4305,赣南师范大学,,,521,20150,,,48,,,0,0
河南,2024,,本一,4310,江西科技师范大学,,,516,14531,,,36,,,0,0
河南,2024,,本一,4345,南昌工程学院,,,521,18736,,,74,,,0,0
河南,2024,,本一,4350,济南大学,,,529,7002,,,114,,,0,0
河南,2024,,本一,4350,济南大学(国家专项),,,565,7718,,,30,,,0,0
河南,2024,,本一,4370,山东理工大学,,,532,17884,,,90,,,0,0
河南,2024,,本一,4370,山东理工大学(国家专项),,,566,49566,,,32,,,0,0
河南,2024,,本一,4385,山东农业大学,,,516,12001,,,223,,,0,0
河南,2024,,本一,4395,山东师范大学,,,521,8497,,,79,,,0,0
河南,2024,,本一,4395,山东师范大学(艺术类专业),,,521,25688,,,5,,,0,0
河南,2024,,本一,4400,曲阜师范大学,,,518,7217,,,73,,,0,0
河南,2024,,本一,4400,曲阜师范大学(艺术类专业),,,475,56502,,,5,,,0,0
河南,2024,,本一,4415,山东建筑大学,,,521,22068,,,102,,,0,0
河南,2024,,本一,4415,山东建筑大学(较高收费),,,491,159343,,,5,,,0,0
河南,2024,,本一,4420,齐鲁工业大学,,,512,17448,,,168,,,0,0
河南,2024,,本一,445,陆军军医大学,,,581,13028,,,23,,,0,0
河南,2024,,本一,4465,山东第一医科大学,,,592,29369,,,11,,,0,0
河南,2024,,本一,4485,山东财经大学,,,551,4869,,,109,,,0,0
河南,2024,,本一,450,空军军医大学,,,595,3441,,,32,,,0,0
河南,2024,,本一,4515,康复大学,,,568,41509,,,28,,,0,0
河南,2024,,本一,4525,江汉大学,,,523,8497,,,202,,,0,0
河南,2024,,本一,4550,湖北工业大学,,,522,12326,,,108,,,0,0
河南,2024,,本一,4550,湖北工业大学(较高收费),,,518,83672,,,25,,,0,0
河南,2024,,本一,4555,湖北汽车工业学院,,,540,86324,,,25,,,0,0
河南,2024,,本一,4565,武汉轻工大学,,,526,13805,,,87,,,0,0
河南,2024,,本一,4575,武汉纺织大学,,,528,11610,,,161,,,0,0
河南,2024,,本一,4690,吉首大学,,,518,16148,,,27,,,0,0
河南,2024,,本一,4700,湖南农业大学,,,518,14934,,,116,,,0,0
河南,2024,,本一,4735,湖南工业大学,,,520,12001,,,250,,,0,0
河南,2024,,本一,4770,湖南理工学院,,,542,14531,,,12,,,0,0
河南,2024,,本一,4775,湖南工商大学,,,524,9687,,,79,,,0,0
河南,2024,,本一,4800,广东以色列理工学院,,,536,69342,,,20,,,0,0
河南,2024,,本一,4815,东莞理工学院,,,560,42445,,,30,,,0,0
河南,2024,,本一,4830,广东医科大学,,,562,45456,,,28,,,0,0
河南,2024,,本一,4830,广东医科大学(国家专项),,,582,20456,,,20,,,0,0
河南,2024,,本一,4880,广东财经大学,,,565,6515,,,9,,,0,0
河南,2024,,本一,4890,北京师范大学-香港浸会大学联合国际学院,,,533,9395,,,60,,,0,0
河南,2024,,本一,4925,桂林电子科技大学,,,528,16148,,,184,,,0,0
河南,2024,,本一,4930,桂林理工大学,,,530,61939,,,129,,,0,0
河南,2024,,本一,5005,海南医科大学,,,527,39605,,,71,,,0,0
河南,2024,,本一,5005,海南医科大学(较高收费),,,497,152728,,,1,,,0,0
河南,2024,,本一,5010,海南师范大学,,,511,14531,,,184,,,0,0
河南,2024,,本一,5015,海南比勒费尔德应用科学大学,,,502,138119,,,10,,,0,0
河南,2024,,本一,5035,重庆理工大学,,,537,16148,,,120,,,0,0
河南,2024,,本一,5055,重庆师范大学,,,550,7718,,,92,,,0,0
河南,2024,,本一,5055,重庆师范大学(较高收费),,,527,105160,,,5,,,0,0
河南,2024,,本一,5080,四川师范大学,,,545,7469,,,73,,,0,0
河南,2024,,本一,5095,成都信息工程大学,,,533,17448,,,101,,,0,0
河南,2024,,本一,5095,成都信息工程大学(定向),,,590,30887,,,1,,,0,0
河南,2024,,本一,5100,西华大学,,,539,8193,,,82,,,0,0
河南,2024,,本一,5105,四川轻化工大学,,,535,17011,,,30,,,0,0
河南,2024,,本一,5110,川北医学院,,,539,17011,,,40,,,0,0
河南,2024,,本一,5115,西南医科大学,,,538,38682,,,21,,,0,0
河南,2024,,本一,5135,西华师范大学,,,514,12326,,,107,,,0,0
河南,2024,,本一,5190,遵义医科大学,,,578,38682,,,21,,,0,0
河南,2024,,本一,5190,遵义医科大学(异地校区),,,596,26465,,,7,,,0,0
河南,2024,,本一,5230,昆明理工大学,,,530,11610,,,132,,,0,0
河南,2024,,本一,5230,昆明理工大学(较高收费),,,513,126985,,,8,,,0,0
河南,2024,,本一,5255,昆明医科大学,,,548,23638,,,20,,,0,0
河南,2024,,本一,5300,西藏大学,,,552,11610,,,24,,,0,0
河南,2024,,本一,5310,西藏民族大学,,,555,57281,,,23,,,0,0
河南,2024,,本一,5375,陕西中医药大学,,,571,45456,,,7,,,0,0
河南,2024,,本一,5390,西安财经大学,,,548,9687,,,58,,,0,0
河南,2024,,本一,5400,兰州理工大学,,,521,50642,,,167,,,0,0
河南,2024,,本一,5400,兰州理工大学(较高收费),,,562,58400,,,10,,,0,0
河南,2024,,本一,5410,西北师范大学,,,518,9395,,,81,,,0,0
河南,2024,,本一,5415,兰州交通大学,,,562,25049,,,124,,,0,0
河南,2024,,本一,5420,甘肃中医药大学,,,539,50642,,,23,,,0,0
河南,2024,,本一,5455,甘肃政法大学,,,556,10619,,,28,,,0,0
河南,2024,,本一,5485,宁夏医科大学,,,519,36841,,,62,,,0,0
河南,2024,,本一,5590,成都大学,,,535,7469,,,165,,,0,0
河南,2024,,本一,5595,上海电机学院,,,552,65558,,,86,,,0,0
河南,2024,,本一,5595,上海电机学院(较高收费),,,507,22068,,,14,,,0,0
河南,2024,,本一,5605,上海商学院,,,530,14153,,,32,,,0,0
河南,2024,,本一,5610,上海政法学院,,,528,4356,,,119,,,0,0
河南,2024,,本一,5620,西安医学院,,,569,32528,,,15,,,0,0
河南,2024,,本一,5835,成都医学院,,,585,35066,,,20,,,0,0
河南,2024,,本一,5995,郑州大学(中外合作),,,552,6767,,,535,,,0,0
河南,2024,,本一,5995,郑州大学(电子类中外合作),,,592,26465,,,450,,,0,0
河南,2024,,本一,5996,郑州大学惠灵顿学院,,,511,111166,,,178,,,0,0
河南,2024,,本一,6000,郑州大学,,,584,2393,,,2976,,,0,0
河南,2024,,本一,6000,郑州大学(其他单列),,,626,9133,,,180,,,0,0
河南,2024,,本一,6000,郑州大学(医护类),,,569,50642,,,200,,,0,0
河南,2024,,本一,6000,郑州大学(国家专项),,,583,3651,,,360,,,0,0
河南,2024,,本一,6000,郑州大学(地方专项),,,551,6767,,,500,,,0,0
河南,2024,,本一,6005,河南大学,,,570,4356,,,2398,,,0,0
河南,2024,,本一,6005,河南大学(医护类),,,541,14153,,,220,,,0,0
河南,2024,,本一,6005,河南大学(国家专项),,,567,5265,,,300,,,0,0
河南,2024,,本一,6005,河南大学(地方专项),,,537,10923,,,266,,,0,0
河南,2024,,本一,6006,河南大学(软件类),,,575,40541,,,769,,,0,0
河南,2024,,本一,6007,河南大学(与开封大学联合办学),,,521,25688,,,122,,,0,0
河南,2024,,本一,6008,河南大学(与濮阳市联办濮阳工学院),,,518,23548,,,451,,,0,0
河南,2024,,本一,6009,河南大学(中外合作),,,524,12699,,,944,,,0,0
河南,2024,,本一,6010,河南农业大学,,,521,10923,,,4605,,,0,0
河南,2024,,本一,6010,河南农业大学(国家专项),,,540,10923,,,160,,,0,0
河南,2024,,本一,6010,河南农业大学(地方专项),,,518,17884,,,159,,,0,0
河南,2024,,本一,6012,河南农业大学(中外合作),,,504,30160,,,100,,,0,0
河南,2024,,本一,6013,河南农业大学(办学就读地点在许昌),,,497,128582,,,1333,,,0,0
河南,2024,,本一,6015,河南中医药大学,,,518,3241,,,3252,,,0,0
河南,2024,,本一,6015,河南中医药大学(国家专项),,,556,8811,,,80,,,0,0
河南,2024,,本一,6015,河南中医药大学(地方专项),,,538,14934,,,100,,,0,0
河南,2024,,本一,6015,河南中医药大学(较高收费),,,496,138119,,,240,,,0,0
河南,2024,,本一,6020,新乡医学院,,,511,21553,,,2749,,,0,0
河南,2024,,本一,6025,河南科技学院,,,524,24082,,,921,,,0,0
河南,2024,,本一,6025,河南科技学院(国家专项),,,534,19197,,,23,,,0,0
河南,2024,,本一,6025,河南科技学院(地方专项),,,523,24082,,,66,,,0,0
河南,2024,,本一,6030,河南师范大学,,,535,8193,,,4245,,,0,0
河南,2024,,本一,6030,河南师范大学(艺术类专业),,,522,25181,,,16,,,0,0
河南,2024,,本一,6030,河南师范大学(较高收费),,,511,115830,,,1981,,,0,0
河南,2024,,本一,6035,洛阳师范学院,,,524,19197,,,292,,,0,0
河南,2024,,本一,6050,安阳师范学院,,,507,24082,,,633,,,0,0
河南,2024,,本一,6055,商丘师范学院,,,511,25688,,,152,,,0,0
河南,2024,,本一,6060,周口师范学院,,,511,25181,,,197,,,0,0
河南,2024,,本一,6065,信阳师范大学,,,522,15720,,,1376,,,0,0
河南,2024,,本一,6070,南阳师范学院,,,511,25181,,,754,,,0,0
河南,2024,,本一,6070,南阳师范学院(国家专项),,,535,93451,,,10,,,0,0
河南,2024,,本一,6070,南阳师范学院(地方专项),,,518,117381,,,26,,,0,0
河南,2024,,本一,6075,南阳理工学院,,,527,16148,,,90,,,0,0
河南,2024,,本一,6075,南阳理工学院(单列专业),,,544,80952,,,15,,,0,0
河南,2024,,本一,6075,南阳理工学院(国家专项),,,541,16148,,,10,,,0,0
河南,2024,,本一,6075,南阳理工学院(地方专项),,,537,17884,,,5,,,0,0
河南,2024,,本一,6080,河南财经政法大学,,,536,7718,,,2270,,,0,0
河南,2024,,本一,6080,河南财经政法大学(国家专项),,,547,8193,,,150,,,0,0
河南,2024,,本一,6080,河南财经政法大学(地方专项),,,522,17448,,,236,,,0,0
河南,2024,,本一,6080,河南财经政法大学(软件类),,,532,97837,,,225,,,0,0
河南,2024,,本一,6080,河南财经政法大学(较高收费),,,511,17011,,,1772,,,0,0
河南,2024,,本一,6080,河南财经政法大学(预科),,,508,27870,,,30,,,0,0
河南,2024,,本一,6085,河南科技大学,,,533,12001,,,4201,,,0,0
河南,2024,,本一,6085,河南科技大学(医护类),,,520,115830,,,155,,,0,0
河南,2024,,本一,6085,河南科技大学(单列专业),,,530,100737,,,960,,,0,0
河南,2024,,本一,6085,河南科技大学(较高收费),,,497,103674,,,312,,,0,0
河南,2024,,本一,6090,郑州航空工业管理学院,,,517,17448,,,2972,,,0,0
河南,2024,,本一,6090,郑州航空工业管理学院(国家专项),,,538,12699,,,60,,,0,0
河南,2024,,本一,6090,郑州航空工业管理学院(地方专项),,,527,18736,,,99,,,0,0
河南,2024,,本一,6095,华北水利水电大学,,,524,21553,,,2093,,,0,0
河南,2024,,本一,6095,华北水利水电大学(单列专业),,,511,20150,,,1907,,,0,0
河南,2024,,本一,6095,华北水利水电大学(单列国家专项),,,533,14153,,,80,,,0,0
河南,2024,,本一,6095,华北水利水电大学(单列地方专项),,,512,20150,,,73,,,0,0
河南,2024,,本一,6095,华北水利水电大学(国家专项),,,540,15720,,,80,,,0,0
河南,2024,,本一,6095,华北水利水电大学(地方专项),,,518,23057,,,162,,,0,0
河南,2024,,本一,6100,河南理工大学,,,526,14934,,,4979,,,0,0
河南,2024,,本一,6100,河南理工大学(国家专项),,,561,47548,,,135,,,0,0
河南,2024,,本一,6100,河南理工大学(地方专项),,,553,50642,,,70,,,0,0
河南,2024,,本一,6100,河南理工大学(较高收费),,,536,83672,,,754,,,0,0
河南,2024,,本一,6102,河南理工大学(中外合作),,,551,64313,,,175,,,0,0
河南,2024,,本一,6103,河南理工大学利莫瑞克国际学院,,,525,108197,,,116,,,0,0
河南,2024,,本一,6105,河南工业大学,,,540,12326,,,2734,,,0,0
河南,2024,,本一,6105,河南工业大学(其他单列),,,541,63132,,,1868,,,0,0
河南,2024,,本一,6105,河南工业大学(国家专项),,,534,82340,,,180,,,0,0
河南,2024,,本一,6105,河南工业大学(地方专项),,,516,111166,,,240,,,0,0
河南,2024,,本一,6110,郑州轻工业大学,,,533,15332,,,1828,,,0,0
河南,2024,,本一,6113,郑州轻工业大学(中外合作),,,535,93451,,,31,,,0,0
河南,2024,,本一,6113,郑州轻工业大学(食品类中外合作),,,511,130195,,,111,,,0,0
河南,2024,,本一,6115,中原工学院,,,505,22561,,,1896,,,0,0
河南,2024,,本一,6115,中原工学院(国家专项),,,526,21051,,,30,,,0,0
河南,2024,,本一,6115,中原工学院(地方专项),,,515,25688,,,80,,,0,0
河南,2024,,本一,6116,中原工学院中原彼得堡航空学院,,,492,125279,,,172,,,0,0
河南,2024,,本一,6117,中原工学院(软件类),,,521,106610,,,500,,,0,0
河南,2024,,本一,6120,河南城建学院,,,511,108197,,,667,,,0,0
河南,2024,,本一,6120,河南城建学院(国家专项),,,529,87758,,,31,,,0,0
河南,2024,,本一,6120,河南城建学院(地方专项),,,511,105160,,,37,,,0,0
河南,2024,,本一,6125,平顶山学院,,,544,79655,,,180,,,0,0
河南,2024,,本一,6130,黄河科技学院,,,517,120583,,,90,,,0,0
河南,2024,,本一,6135,安阳工学院,,,521,112738,,,181,,,0,0
河南,2024,,本一,6150,黄淮学院,,,525,106610,,,81,,,0,0
河南,2024,,本一,6155,河南工程学院,,,520,23057,,,150,,,0,0
河南,2024,,本一,6160,洛阳理工学院,,,525,92030,,,514,,,0,0
河南,2024,,本一,6165,新乡学院,,,511,128582,,,263,,,0,0
河南,2024,,本一,6189,郑州轻工业大学奥克兰大学智能工程联合学院,,,491,161015,,,202,,,0,0
河南,2024,,本一,6395,华北水利水电大学乌拉尔学院,,,511,112738,,,89,,,0,0
河南,2024,,本一,6396,河南科技大学(农林类),,,514,111166,,,723,,,0,0
河南,2024,,本一,6399,河南科技大学莫动理工学院,,,512,97837,,,237,,,0,0
河南,2024,,本一,6603,浙大宁波理工学院,,,533,12326,,,195,,,0,0
河南,2024,,本一,6823,浙大城市学院,,,536,7469,,,180,,,0,0
河南,2024,,本一,7113,上海健康医学院,,,523,92030,,,80,,,0,0
河南,2024,,本一,7452,深圳职业技术大学,,,553,57281,,,18,,,0,0
河南,2024,,本一,7501,上海第二工业大学,,,531,20613,,,124,,,0,0
河南,2024,,本一,9901,中央戏剧学院,,,568,5879,,,4,,,0,0
河南,2024,,本一,9902,中央美术学院,,,560,4196,,,5,,,0,0
河南,2024,,本一,9902,中央美术学院(较高收费),,,528,22068,,,2,,,0,0
河南,2024,,本一,9905,北京电影学院,,,556,5879,,,3,,,0,0
河南,2024,,本一,9907,中国戏曲学院,,,539,17011,,,2,,,0,0
河南,2024,,本一,9910,天津美术学院,,,510,28443,,,11,,,0,0
河南,2024,,本一,9919,上海戏剧学院,,,556,7469,,,4,,,0,0
河南,2024,,本一,9925,中国美术学院,,,529,10619,,,4,,,0,0
河南,2024,,本一,9927,山东艺术学院,,,502,30160,,,3,,,0,0
河南,2024,,本一,9930,湖北美术学院,,,523,24648,,,1,,,0,0
河南,2024,,本二,12,哈尔滨体育学院,,,456,49586,,,45,,,0,0
河南,2024,,本二,1390,北京中医药大学,,,538,89194,,,15,,,0,0
河南,2024,,本二,1765,哈尔滨医科大学(大庆校区),,,507,27273,,,89,,,0,0
河南,2024,,本二,19,武汉体育学院,,,479,31936,,,51,,,0,0
河南,2024,,本二,19,武汉体育学院(艺术类专业),,,479,53329,,,6,,,0,0
河南,2024,,本二,21,广州体育学院(艺术类专业),,,486,48153,,,2,,,0,0
河南,2024,,本二,23,成都体育学院,,,493,37674,,,33,,,0,0
河南,2024,,本二,23,成都体育学院(艺术类专业),,,476,55683,,,3,,,0,0
河南,2024,,本二,2350,大连民族大学,,,509,21553,,,38,,,0,0
河南,2024,,本二,2430,南昌航空大学,,,513,28443,,,6,,,0,0
河南,2024,,本二,2430,南昌航空大学(较高收费),,,471,106610,,,21,,,0,0
河南,2024,,本二,2540,河北科技大学(较高收费),,,469,200513,,,3,,,0,0
河南,2024,,本二,2545,河北工程大学,,,493,18289,,,97,,,0,0
河南,2024,,本二,2545,河北工程大学(软件类专业),,,525,108197,,,2,,,0,0
河南,2024,,本二,2545,河北工程大学(较高收费),,,469,200513,,,10,,,0,0
河南,2024,,本二,2550,北京联合大学,,,521,21051,,,54,,,0,0
河南,2024,,本二,2550,北京联合大学(较高收费),,,492,154335,,,23,,,0,0
河南,2024,,本二,2555,大连交通大学,,,522,22068,,,27,,,0,0
河南,2024,,本二,2555,大连交通大学(较高收费),,,476,30726,,,27,,,0,0
河南,2024,,本二,2610,黑龙江中医药大学,,,494,30726,,,42,,,0,0
河南,2024,,本二,2610,黑龙江中医药大学(异地校区),,,470,35743,,,114,,,0,0
河南,2024,,本二,2625,新疆医科大学,,,497,126985,,,96,,,0,0
河南,2024,,本二,2630,山西医科大学(异地校区),,,502,23057,,,25,,,0,0
河南,2024,,本二,2650,广西医科大学,,,500,22561,,,15,,,0,0
河南,2024,,本二,2650,广西医科大学(单列专业),,,490,164286,,,5,,,0,0
河南,2024,,本二,2795,沈阳工业大学,,,508,31936,,,63,,,0,0
河南,2024,,本二,2885,华东交通大学,,,530,17448,,,18,,,0,0
河南,2024,,本二,2890,重庆工商大学,,,516,21052,,,44,,,0,0
河南,2024,,本二,2900,太原科技大学,,,498,22068,,,102,,,0,0
河南,2024,,本二,2920,山西财经大学,,,490,23548,,,53,,,0,0
河南,2024,,本二,2935,辽宁科技大学,,,479,27870,,,129,,,0,0
河南,2024,,本二,3010,西北民族大学,,,458,26743,,,108,,,0,0
河南,2024,,本二,3010,西北民族大学(艺术类专业),,,428,97632,,,4,,,0,0
河南,2024,,本二,3015,北方民族大学,,,413,27870,,,39,,,0,0
河南,2024,,本二,3015,北方民族大学(较高收费),,,492,161015,,,5,,,0,0
河南,2024,,本二,3020,西南民族大学,,,499,20613,,,153,,,0,0
河南,2024,,本二,3035,中国劳动关系学院,,,504,22561,,,65,,,0,0
河南,2024,,本二,3080,华北科技学院,,,459,24082,,,199,,,0,0
河南,2024,,本二,3080,华北科技学院(农林矿),,,478,184813,,,20,,,0,0
河南,2024,,本二,3100,中华女子学院,,,503,20613,,,50,,,0,0
河南,2024,,本二,3110,塔里木大学,,,456,42359,,,895,,,0,0
河南,2024,,本二,3150,北京服装学院,,,499,28443,,,29,,,0,0
河南,2024,,本二,3165,北京石油化工学院,,,517,22561,,,56,,,0,0
河南,2024,,本二,3180,北京农学院,,,506,21553,,,29,,,0,0
河南,2024,,本二,3180,北京农学院(较高收费),,,410,33183,,,8,,,0,0
河南,2024,,本二,320,陆军工程大学,,,530,89194,,,5,,,0,0
河南,2024,,本二,3210,天津城建大学,,,472,38365,,,380,,,0,0
河南,2024,,本二,3210,天津城建大学(其他单列),,,515,123701,,,26,,,0,0
河南,2024,,本二,3210,天津城建大学(较高收费),,,435,60525,,,55,,,0,0
河南,2024,,本二,3220,天津农学院,,,457,29013,,,303,,,0,0
河南,2024,,本二,3225,天津职业技术师范大学,,,506,26743,,,78,,,0,0
河南,2024,,本二,3225,天津职业技术师范大学(较高收费),,,494,157652,,,15,,,0,0
河南,2024,,本二,3240,天津商业大学(较高收费),,,509,26743,,,20,,,0,0
河南,2024,,本二,3245,石家庄学院,,,477,29603,,,35,,,0,0
河南,2024,,本二,3250,衡水学院,,,472,40367,,,27,,,0,0
河南,2024,,本二,3255,邯郸学院,,,465,203994,,,18,,,0,0
河南,2024,,本二,3255,邯郸学院(较高收费),,,441,250029,,,9,,,0,0
河南,2024,,本二,3260,张家口学院,,,465,37019,,,35,,,0,0
河南,2024,,本二,3265,河北中医药大学,,,526,16148,,,35,,,0,0
河南,2024,,本二,3270,河北农业大学,,,500,112738,,,84,,,0,0
河南,2024,,本二,3270,河北农业大学(较高收费),,,492,151084,,,11,,,0,0
河南,2024,,本二,3275,河北医科大学,,,519,22561,,,15,,,0,0
河南,2024,,本二,3285,河北经贸大学,,,507,17884,,,50,,,0,0
河南,2024,,本二,3290,邢台学院,,,485,172731,,,5,,,0,0
河南,2024,,本二,3295,唐山学院,,,487,38365,,,30,,,0,0
河南,2024,,本二,3300,河北建筑工程学院,,,451,48153,,,50,,,0,0
河南,2024,,本二,3315,北华航天工业学院,,,499,32551,,,30,,,0,0
河南,2024,,本二,3315,北华航天工业学院(机械类较高收费),,,500,147838,,,5,,,0,0
河南,2024,,本二,3315,北华航天工业学院(较高收费),,,501,146167,,,5,,,0,0
河南,2024,,本二,3320,河北北方学院,,,530,94894,,,10,,,0,0
河南,2024,,本二,3325,承德医学院,,,510,27870,,,10,,,0,0
河南,2024,,本二,3340,廊坊师范学院,,,478,44425,,,20,,,0,0
河南,2024,,本二,3345,唐山师范学院,,,456,59729,,,20,,,0,0
河南,2024,,本二,3350,河北地质大学,,,475,31332,,,92,,,0,0
河南,2024,,本二,3350,河北地质大学(较高收费),,,487,47394,,,3,,,0,0
河南,2024,,本二,3360,山西农业大学,,,499,27870,,,94,,,0,0
河南,2024,,本二,3370,山西师范大学,,,495,23057,,,25,,,0,0
河南,2024,,本二,3370,山西师范大学(艺术类专业),,,490,45184,,,2,,,0,0
河南,2024,,本二,3380,运城学院,,,467,181368,,,83,,,0,0
河南,2024,,本二,3395,长治医学院,,,470,22561,,,59,,,0,0
河南,2024,,本二,3400,山西中医药大学,,,495,19197,,,41,,,0,0
河南,2024,,本二,3405,忻州师范学院,,,397,37018,,,90,,,0,0
河南,2024,,本二,3410,太原师范学院,,,466,27273,,,68,,,0,0
河南,2024,,本二,3415,山西大同大学,,,497,31332,,,41,,,0,0
河南,2024,,本二,3420,太原工业学院,,,486,42359,,,55,,,0,0
河南,2024,,本二,3430,晋中学院,,,416,44425,,,78,,,0,0
河南,2024,,本二,3435,长治学院,,,408,41702,,,37,,,0,0
河南,2024,,本二,3440,内蒙古工业大学,,,477,100737,,,111,,,0,0
河南,2024,,本二,3445,内蒙古农业大学,,,450,122158,,,123,,,0,0
河南,2024,,本二,3450,内蒙古师范大学,,,480,25688,,,58,,,0,0
河南,2024,,本二,3450,内蒙古师范大学(艺术类专业),,,426,277047,,,3,,,0,0
河南,2024,,本二,3455,内蒙古民族大学,,,452,31936,,,101,,,0,0
河南,2024,,本二,3460,内蒙古科技大学,,,483,37674,,,129,,,0,0
河南,2024,,本二,3463,内蒙古科技大学包头师范学院,,,461,40367,,,56,,,0,0
河南,2024,,本二,3464,内蒙古科技大学包头医学院,,,476,100737,,,50,,,0,0
河南,2024,,本二,3465,内蒙古医科大学,,,447,73108,,,41,,,0,0
河南,2024,,本二,3470,赤峰学院,,,442,47394,,,30,,,0,0
河南,2024,,本二,3480,内蒙古财经大学,,,477,33787,,,51,,,0,0
河南,2024,,本二,3490,大连大学,,,478,21051,,,114,,,0,0
河南,2024,,本二,3490,大连大学(较高收费),,,404,39680,,,36,,,0,0
河南,2024,,本二,3495,沈阳大学,,,448,26237,,,138,,,0,0
河南,2024,,本二,3495,沈阳大学(较高收费),,,490,156006,,,6,,,0,0
河南,2024,,本二,3515,辽宁科技学院,,,453,47394,,,132,,,0,0
河南,2024,,本二,3520,辽宁师范大学,,,427,21553,,,113,,,0,0
河南,2024,,本二,3520,辽宁师范大学(较高收费),,,406,43048,,,24,,,0,0
河南,2024,,本二,3525,沈阳师范大学,,,453,27870,,,89,,,0,0
河南,2024,,本二,3525,沈阳师范大学(其他单列),,,507,125279,,,11,,,0,0
河南,2024,,本二,3525,沈阳师范大学(较高收费),,,464,33183,,,24,,,0,0
河南,2024,,本二,3540,辽宁工业大学,,,480,31936,,,166,,,0,0
河南,2024,,本二,3540,辽宁工业大学(化学类较高收费),,,455,225087,,,7,,,0,0
河南,2024,,本二,3540,辽宁工业大学(较高收费),,,478,184813,,,7,,,0,0
河南,2024,,本二,3545,沈阳理工大学,,,513,26743,,,63,,,0,0
河南,2024,,本二,3545,沈阳理工大学(化学类较高收费),,,473,193459,,,5,,,0,0
河南,2024,,本二,3545,沈阳理工大学(较高收费),,,479,176170,,,10,,,0,0
河南,2024,,本二,3550,沈阳航空航天大学,,,500,108197,,,39,,,0,0
河南,2024,,本二,3555,沈阳化工大学,,,502,30160,,,172,,,0,0
河南,2024,,本二,3555,沈阳化工大学(较高收费),,,504,141292,,,2,,,0,0
河南,2024,,本二,3565,大连海洋大学,,,451,29013,,,116,,,0,0
河南,2024,,本二,3565,大连海洋大学(较高收费),,,499,149493,,,4,,,0,0
河南,2024,,本二,3570,锦州医科大学,,,499,35107,,,34,,,0,0
河南,2024,,本二,3570,锦州医科大学(其他医学类),,,457,142935,,,16,,,0,0
河南,2024,,本二,3570,锦州医科大学(较高收费),,,451,232242,,,4,,,0,0
河南,2024,,本二,3570,锦州医科大学(食品类),,,477,147838,,,11,,,0,0
河南,2024,,本二,3575,辽宁中医药大学,,,459,43048,,,85,,,0,0
河南,2024,,本二,3575,辽宁中医药大学(较高收费),,,453,228675,,,15,,,0,0
河南,2024,,本二,3580,沈阳医学院,,,421,73108,,,127,,,0,0
河南,2024,,本二,3585,鞍山师范学院,,,438,41047,,,112,,,0,0
河南,2024,,本二,3590,渤海大学,,,443,26237,,,92,,,0,0
河南,2024,,本二,3590,渤海大学(其他单列),,,506,138119,,,10,,,0,0
河南,2024,,本二,3590,渤海大学(异地校区),,,457,221441,,,5,,,0,0
河南,2024,,本二,3590,渤海大学(较高收费),,,460,44425,,,45,,,0,0
河南,2024,,本二,3610,沈阳工程学院,,,456,59579,,,114,,,0,0
河南,2024,,本二,3610,沈阳工程学院(单列专业),,,490,152728,,,6,,,0,0
河南,2024,,本二,3615,辽东学院,,,456,46648,,,149,,,0,0
河南,2024,,本二,3620,北华大学,,,464,23548,,,302,,,0,0
河南,2024,,本二,3620,北华大学(护理类较高收费),,,484,174483,,,1,,,0,0
河南,2024,,本二,3620,北华大学(较高收费),,,488,165958,,,11,,,0,0
河南,2024,,本二,3625,长春大学,,,452,27870,,,136,,,0,0
河南,2024,,本二,3625,长春大学(ISEC课程),,,466,47394,,,34,,,0,0
河南,2024,,本二,3625,长春大学(其他较高收费),,,414,195178,,,20,,,0,0
河南,2024,,本二,3625,长春大学(较高收费),,,449,58074,,,31,,,0,0
河南,2024,,本二,3630,长春工业大学,,,447,25181,,,141,,,0,0
河南,2024,,本二,3630,长春工业大学(较高收费),,,504,133259,,,14,,,0,0
河南,2024,,本二,3635,吉林农业大学,,,460,31936,,,145,,,0,0
河南,2024,,本二,3635,吉林农业大学(生物类较高收费),,,467,203994,,,7,,,0,0
河南,2024,,本二,3635,吉林农业大学(较高收费),,,460,216209,,,12,,,0,0
河南,2024,,本二,3640,吉林师范大学,,,458,21051,,,111,,,0,0
河南,2024,,本二,3640,吉林师范大学(异地校区),,,472,58914,,,11,,,0,0
河南,2024,,本二,3640,吉林师范大学(艺术类专业),,,479,53329,,,8,,,0,0
河南,2024,,本二,3640,吉林师范大学(较高收费),,,404,54094,,,19,,,0,0
河南,2024,,本二,3645,长春工程学院,,,457,48153,,,114,,,0,0
河南,2024,,本二,3645,长春工程学院(较高收费),,,407,193459,,,42,,,0,0
河南,2024,,本二,3645,长春工程学院(边防军人子女预科),,,377,150585,,,5,,,0,0
河南,2024,,本二,3655,吉林化工学院,,,450,43048,,,141,,,0,0
河南,2024,,本二,3655,吉林化工学院(较高收费),,,455,219683,,,45,,,0,0
河南,2024,,本二,3660,吉林建筑大学,,,454,41047,,,96,,,0,0
河南,2024,,本二,3660,吉林建筑大学(较高收费),,,454,216209,,,10,,,0,0
河南,2024,,本二,3665,长春中医药大学,,,493,139708,,,47,,,0,0
河南,2024,,本二,3665,长春中医药大学(较高收费),,,481,179627,,,5,,,0,0
河南,2024,,本二,3670,白城师范学院,,,452,40367,,,135,,,0,0
河南,2024,,本二,3670,白城师范学院(较高收费),,,435,62194,,,7,,,0,0
河南,2024,,本二,3675,长春师范大学,,,485,43048,,,26,,,0,0
河南,2024,,本二,3675,长春师范大学(较高收费),,,487,169371,,,6,,,0,0
河南,2024,,本二,3680,吉林工程技术师范学院,,,466,51039,,,127,,,0,0
河南,2024,,本二,3680,吉林工程技术师范学院(较高收费),,,451,226897,,,30,,,0,0
河南,2024,,本二,3685,通化师范学院,,,455,39680,,,61,,,0,0
河南,2024,,本二,3685,通化师范学院(艺术类专业),,,480,51832,,,3,,,0,0
河南,2024,,本二,3685,通化师范学院(较高收费),,,401,268187,,,15,,,0,0
河南,2024,,本二,3700,佳木斯大学,,,449,149493,,,179,,,0,0
河南,2024,,本二,3710,齐齐哈尔大学,,,451,27870,,,186,,,0,0
河南,2024,,本二,3715,黑龙江八一农垦大学,,,475,29603,,,180,,,0,0
河南,2024,,本二,3720,哈尔滨师范大学,,,489,19675,,,88,,,0,0
河南,2024,,本二,3720,哈尔滨师范大学(艺术类专业),,,461,68095,,,10,,,0,0
河南,2024,,本二,3720,哈尔滨师范大学(较高收费),,,516,122158,,,3,,,0,0
河南,2024,,本二,3730,哈尔滨学院,,,471,30726,,,145,,,0,0
河南,2024,,本二,3735,黑河学院,,,461,46648,,,62,,,0,0
河南,2024,,本二,3740,黑龙江工程学院,,,442,42359,,,150,,,0,0
河南,2024,,本二,3745,黑龙江科技大学,,,463,29013,,,187,,,0,0
河南,2024,,本二,3750,齐齐哈尔医学院,,,407,47394,,,222,,,0,0
河南,2024,,本二,3755,牡丹江医科大学,,,454,94894,,,163,,,0,0
河南,2024,,本二,3760,牡丹江师范学院,,,456,34448,,,97,,,0,0
河南,2024,,本二,3765,大庆师范学院,,,450,43733,,,126,,,0,0
河南,2024,,本二,3770,绥化学院,,,460,49586,,,118,,,0,0
河南,2024,,本二,3775,吉林农业科技学院,,,453,48861,,,167,,,0,0
河南,2024,,本二,3775,吉林农业科技学院(较高收费),,,430,257272,,,30,,,0,0
河南,2024,,本二,3850,盐城工学院,,,490,152728,,,38,,,0,0
河南,2024,,本二,3855,常州工学院,,,492,43733,,,9,,,0,0
河南,2024,,本二,3860,江苏海洋大学,,,510,25181,,,38,,,0,0
河南,2024,,本二,3865,江苏第二师范学院,,,498,26237,,,90,,,0,0
河南,2024,,本二,3870,淮阴工学院,,,483,35743,,,90,,,0,0
河南,2024,,本二,3905,淮阴师范学院,,,490,27870,,,55,,,0,0
河南,2024,,本二,3905,淮阴师范学院(艺术类专业),,,444,82684,,,10,,,0,0
河南,2024,,本二,3910,盐城师范学院,,,486,26743,,,36,,,0,0
河南,2024,,本二,3920,南京晓庄学院,,,508,19197,,,59,,,0,0
河南,2024,,本二,3925,江苏理工学院,,,503,27273,,,90,,,0,0
河南,2024,,本二,3925,江苏理工学院(较高收费),,,504,141292,,,3,,,0,0
河南,2024,,本二,3930,江苏师范大学,,,510,11610,,,70,,,0,0
河南,2024,,本二,3930,江苏师范大学(较高收费),,,493,139708,,,12,,,0,0
河南,2024,,本二,3950,常熟理工学院,,,507,25181,,,165,,,0,0
河南,2024,,本二,3950,常熟理工学院(较高收费),,,503,139708,,,9,,,0,0
河南,2024,,本二,3960,浙江传媒学院,,,500,19675,,,66,,,0,0
河南,2024,,本二,3960,浙江传媒学院(艺术类专业),,,493,27870,,,29,,,0,0
河南,2024,,本二,3960,浙江传媒学院(较高收费),,,398,48153,,,9,,,0,0
河南,2024,,本二,3965,宁波工程学院,,,452,26743,,,166,,,0,0
河南,2024,,本二,3965,宁波工程学院(较高收费),,,490,162618,,,24,,,0,0
河南,2024,,本二,3980,绍兴文理学院,,,508,26237,,,125,,,0,0
河南,2024,,本二,3985,台州学院,,,508,27870,,,139,,,0,0
河南,2024,,本二,3985,台州学院(较高收费),,,406,312314,,,5,,,0,0
河南,2024,,本二,3995,嘉兴大学,,,522,16573,,,196,,,0,0
河南,2024,,本二,4020,浙江海洋大学,,,467,19675,,,148,,,0,0
河南,2024,,本二,4020,浙江海洋大学(较高收费),,,500,147838,,,4,,,0,0
河南,2024,,本二,4035,衢州学院,,,485,36361,,,105,,,0,0
河南,2024,,本二,4040,湖州师范学院,,,409,26237,,,65,,,0,0
河南,2024,,本二,4045,合肥师范学院,,,488,25181,,,98,,,0,0
河南,2024,,本二,4070,丽水学院,,,451,31936,,,127,,,0,0
河南,2024,,本二,4075,滁州学院,,,511,125279,,,10,,,0,0
河南,2024,,本二,4105,合肥大学,,,514,105160,,,24,,,0,0
河南,2024,,本二,4110,皖西学院,,,484,31332,,,15,,,0,0
河南,2024,,本二,4115,黄山学院,,,418,230437,,,40,,,0,0
河南,2024,,本二,4120,安徽工程大学,,,504,126985,,,63,,,0,0
河南,2024,,本二,4130,蚌埠医科大学,,,507,133259,,,10,,,0,0
河南,2024,,本二,4135,安徽中医药大学,,,494,21553,,,43,,,0,0
河南,2024,,本二,4140,皖南医学院,,,565,49566,,,8,,,0,0
河南,2024,,本二,4145,阜阳师范大学,,,454,21051,,,66,,,0,0
河南,2024,,本二,4145,阜阳师范大学(较高收费),,,463,51039,,,4,,,0,0
河南,2024,,本二,4150,安庆师范大学,,,496,28443,,,39,,,0,0
河南,2024,,本二,4155,安徽科技学院,,,486,142935,,,59,,,0,0
河南,2024,,本二,4160,巢湖学院,,,479,164286,,,44,,,0,0
河南,2024,,本二,4165,淮北师范大学,,,435,18289,,,37,,,0,0
河南,2024,,本二,4170,淮南师范学院,,,463,38998,,,65,,,0,0
河南,2024,,本二,4175,铜陵学院,,,471,30726,,,69,,,0,0
河南,2024,,本二,4185,宿州学院,,,480,164286,,,12,,,0,0
河南,2024,,本二,4195,福建农林大学,,,503,28443,,,68,,,0,0
河南,2024,,本二,4195,福建农林大学(较高收费),,,407,81801,,,25,,,0,0
河南,2024,,本二,4210,闽江学院,,,450,26237,,,135,,,0,0
河南,2024,,本二,4215,莆田学院,,,397,31332,,,135,,,0,0
河南,2024,,本二,4220,福建理工大学,,,486,33183,,,348,,,0,0
河南,2024,,本二,4225,福建中医药大学,,,453,16148,,,96,,,0,0
河南,2024,,本二,4225,福建中医药大学(较高收费),,,489,165958,,,8,,,0,0
河南,2024,,本二,4230,泉州师范学院,,,453,27273,,,142,,,0,0
河南,2024,,本二,4230,泉州师范学院(较高收费),,,501,146167,,,5,,,0,0
河南,2024,,本二,4235,闽南师范大学,,,453,20613,,,191,,,0,0
河南,2024,,本二,4235,闽南师范大学(中外合作),,,443,169371,,,5,,,0,0
河南,2024,,本二,4235,闽南师范大学(艺术类专业),,,467,63016,,,4,,,0,0
河南,2024,,本二,4235,闽南师范大学(较高收费),,,505,139708,,,5,,,0,0
河南,2024,,本二,4255,江西农业大学,,,453,19197,,,146,,,0,0
河南,2024,,本二,4255,江西农业大学(较高收费),,,503,131720,,,17,,,0,0
河南,2024,,本二,4265,九江学院,,,487,37018,,,76,,,0,0
河南,2024,,本二,4270,宜春学院,,,449,30726,,,67,,,0,0
河南,2024,,本二,4280,景德镇陶瓷大学,,,501,20150,,,46,,,0,0
河南,2024,,本二,4295,赣南医科大学,,,498,136483,,,23,,,0,0
河南,2024,,本二,4300,江西中医药大学,,,501,29013,,,34,,,0,0
河南,2024,,本二,4305,赣南师范大学,,,486,25688,,,45,,,0,0
河南,2024,,本二,4310,江西科技师范大学,,,397,35107,,,38,,,0,0
河南,2024,,本二,4315,井冈山大学,,,397,26237,,,86,,,0,0
河南,2024,,本二,4320,上饶师范学院,,,436,35107,,,24,,,0,0
河南,2024,,本二,4340,南昌师范学院,,,479,39680,,,22,,,0,0
河南,2024,,本二,4345,南昌工程学院,,,412,34448,,,44,,,0,0
河南,2024,,本二,4345,南昌工程学院(较高收费),,,491,138119,,,4,,,0,0
河南,2024,,本二,4355,聊城大学,,,507,25181,,,40,,,0,0
河南,2024,,本二,4355,聊城大学(艺术类专业),,,430,95716,,,5,,,0,0
河南,2024,,本二,4355,聊城大学(艺术类较高收费),,,429,96702,,,5,,,0,0
河南,2024,,本二,4365,烟台大学,,,508,26237,,,46,,,0,0
河南,2024,,本二,4375,山东政法学院,,,478,19675,,,36,,,0,0
河南,2024,,本二,4380,齐鲁师范学院,,,482,152728,,,10,,,0,0
河南,2024,,本二,4390,山东中医药大学,,,503,26743,,,20,,,0,0
河南,2024,,本二,4405,德州学院,,,484,49586,,,40,,,0,0
河南,2024,,本二,4410,潍坊学院,,,487,22561,,,47,,,0,0
河南,2024,,本二,4425,山东女子学院,,,460,47394,,,30,,,0,0
河南,2024,,本二,4430,山东交通学院,,,499,24648,,,58,,,0,0
河南,2024,,本二,4430,山东交通学院(较高收费),,,478,176170,,,6,,,0,0
河南,2024,,本二,4435,青岛农业大学,,,500,126985,,,40,,,0,0
河南,2024,,本二,4440,山东航空学院,,,506,32551,,,50,,,0,0
河南,2024,,本二,4445,菏泽学院,,,470,35107,,,8,,,0,0
河南,2024,,本二,4450,山东第二医科大学,,,459,31332,,,64,,,0,0
河南,2024,,本二,4455,济宁医学院,,,425,123701,,,80,,,0,0
河南,2024,,本二,4460,滨州医学院,,,421,79655,,,50,,,0,0
河南,2024,,本二,4465,山东第一医科大学,,,508,31936,,,89,,,0,0
河南,2024,,本二,4470,泰山学院,,,458,167608,,,45,,,0,0
河南,2024,,本二,4475,临沂大学,,,512,28443,,,49,,,0,0
河南,2024,,本二,4480,鲁东大学,,,503,25181,,,54,,,0,0
河南,2024,,本二,4495,山东工商学院,,,455,17448,,,100,,,0,0
河南,2024,,本二,4500,山东管理学院,,,491,30726,,,90,,,0,0
河南,2024,,本二,4505,枣庄学院,,,462,195178,,,30,,,0,0
河南,2024,,本二,4510,湖北理工学院,,,502,31332,,,121,,,0,0
河南,2024,,本二,4510,湖北理工学院(较高收费),,,488,167608,,,4,,,0,0
河南,2024,,本二,4540,湖北科技学院,,,468,29013,,,97,,,0,0
河南,2024,,本二,4540,湖北科技学院(艺术类专业),,,429,96702,,,5,,,0,0
河南,2024,,本二,4545,湖北文理学院,,,453,25181,,,137,,,0,0
河南,2024,,本二,4555,湖北汽车工业学院,,,494,35743,,,105,,,0,0
河南,2024,,本二,4565,武汉轻工大学(较高收费),,,469,50315,,,45,,,0,0
河南,2024,,本二,4590,湖北医药学院,,,431,30726,,,111,,,0,0
河南,2024,,本二,4595,湖北师范大学,,,498,20613,,,93,,,0,0
河南,2024,,本二,4600,黄冈师范学院,,,397,25181,,,99,,,0,0
河南,2024,,本二,4610,湖北工程学院,,,497,29603,,,55,,,0,0
河南,2024,,本二,4610,湖北工程学院(较高收费),,,409,307059,,,40,,,0,0
河南,2024,,本二,4615,湖北经济学院,,,512,20613,,,92,,,0,0
河南,2024,,本二,4615,湖北经济学院(较高收费),,,473,193459,,,7,,,0,0
河南,2024,,本二,4625,湖北民族大学,,,505,25688,,,103,,,0,0
河南,2024,,本二,4625,湖北民族大学(单列专业),,,515,29013,,,3,,,0,0
河南,2024,,本二,4625,湖北民族大学(艺术类专业),,,454,74039,,,6,,,0,0
河南,2024,,本二,4690,吉首大学,,,495,31936,,,46,,,0,0
河南,2024,,本二,4705,湖南城市学院,,,485,35743,,,59,,,0,0
河南,2024,,本二,4710,邵阳学院,,,480,50315,,,34,,,0,0
河南,2024,,本二,4715,湘南学院,,,462,33787,,,23,,,0,0
河南,2024,,本二,4725,湖南工程学院,,,490,39680,,,56,,,0,0
河南,2024,,本二,4750,湖南文理学院,,,492,38365,,,12,,,0,0
河南,2024,,本二,4755,衡阳师范学院,,,401,29013,,,23,,,0,0
河南,2024,,本二,4760,怀化学院,,,493,37018,,,40,,,0,0
河南,2024,,本二,4780,湖南女子学院,,,412,44425,,,55,,,0,0
河南,2024,,本二,4785,五邑大学,,,510,20150,,,33,,,0,0
河南,2024,,本二,4790,长沙学院,,,484,25688,,,41,,,0,0
河南,2024,,本二,4790,长沙学院(艺术类专业),,,434,91935,,,5,,,0,0
河南,2024,,本二,4795,广东金融学院,,,513,22068,,,8,,,0,0
河南,2024,,本二,4795,广东金融学院(较高收费),,,509,133259,,,1,,,0,0
河南,2024,,本二,4805,广东海洋大学,,,504,103674,,,38,,,0,0
河南,2024,,本二,4810,广东石油化工学院,,,502,28443,,,57,,,0,0
河南,2024,,本二,4815,东莞理工学院,,,518,22561,,,4,,,0,0
河南,2024,,本二,4820,佛山大学,,,496,125279,,,57,,,0,0
河南,2024,,本二,4825,仲恺农业工程学院,,,504,136483,,,2,,,0,0
河南,2024,,本二,4835,广东药科大学,,,509,106610,,,14,,,0,0
河南,2024,,本二,4840,广东第二师范学院,,,461,26237,,,5,,,0,0
河南,2024,,本二,4845,韶关学院,,,444,45924,,,86,,,0,0
河南,2024,,本二,4850,惠州学院,,,506,30726,,,8,,,0,0
河南,2024,,本二,4855,韩山师范学院,,,429,29603,,,12,,,0,0
河南,2024,,本二,4860,岭南师范学院,,,468,33183,,,108,,,0,0
河南,2024,,本二,4860,岭南师范学院(较高收费),,,438,255455,,,5,,,0,0
河南,2024,,本二,4865,嘉应学院,,,458,45184,,,48,,,0,0
河南,2024,,本二,4870,广东技术师范大学,,,517,27870,,,6,,,0,0
河南,2024,,本二,4875,肇庆学院,,,490,36361,,,20,,,0,0
河南,2024,,本二,4885,广东警官学院,,,531,19197,,,4,,,0,0
河南,2024,,本二,4915,广西师范大学,,,453,17011,,,60,,,0,0
河南,2024,,本二,4915,广西师范大学(较高收费),,,478,184813,,,1,,,0,0
河南,2024,,本二,4920,广西科技大学,,,508,33183,,,28,,,0,0
河南,2024,,本二,4920,广西科技大学(较高收费),,,472,193459,,,18,,,0,0
河南,2024,,本二,4930,桂林理工大学,,,490,40367,,,21,,,0,0
河南,2024,,本二,4940,右江民族医学院,,,450,103674,,,14,,,0,0
河南,2024,,本二,4945,桂林医学院,,,460,71851,,,24,,,0,0
河南,2024,,本二,4945,桂林医学院(较高收费),,,407,310571,,,3,,,0,0
河南,2024,,本二,4950,广西中医药大学,,,507,21051,,,11,,,0,0
河南,2024,,本二,4950,广西中医药大学(较高收费),,,450,57312,,,4,,,0,0
河南,2024,,本二,4955,南宁师范大学,,,400,24082,,,29,,,0,0
河南,2024,,本二,4960,玉林师范学院,,,461,47394,,,30,,,0,0
河南,2024,,本二,4965,广西民族大学,,,452,26237,,,89,,,0,0
河南,2024,,本二,4965,广西民族大学(单列专业),,,430,50315,,,19,,,0,0
河南,2024,,本二,4965,广西民族大学(艺术类专业),,,434,91935,,,4,,,0,0
河南,2024,,本二,4970,梧州学院,,,470,44425,,,25,,,0,0
河南,2024,,本二,4975,广西财经学院,,,489,28443,,,25,,,0,0
河南,2024,,本二,4975,广西财经学院(较高收费),,,445,35743,,,15,,,0,0
河南,2024,,本二,4995,成都师范学院,,,497,30160,,,30,,,0,0
河南,2024,,本二,5,首都体育学院,,,503,27870,,,9,,,0,0
河南,2024,,本二,5000,海南热带海洋学院,,,474,27870,,,143,,,0,0
河南,2024,,本二,5000,海南热带海洋学院(较高收费),,,407,67212,,,12,,,0,0
河南,2024,,本二,5005,海南医科大学,,,455,40367,,,68,,,0,0
河南,2024,,本二,5005,海南医科大学(护理类较高收费),,,445,242940,,,6,,,0,0
河南,2024,,本二,5005,海南医科大学(较高收费),,,453,228675,,,7,,,0,0
河南,2024,,本二,5010,海南师范大学,,,455,33787,,,64,,,0,0
河南,2024,,本二,5010,海南师范大学(其他单列),,,428,97632,,,18,,,0,0
河南,2024,,本二,5010,海南师范大学(艺术类专业),,,465,64708,,,10,,,0,0
河南,2024,,本二,5010,海南师范大学(较高收费),,,396,69738,,,8,,,0,0
河南,2024,,本二,5030,重庆三峡学院,,,464,24648,,,60,,,0,0
河南,2024,,本二,5035,重庆理工大学,,,519,24082,,,99,,,0,0
河南,2024,,本二,5040,重庆第二师范学院,,,486,27870,,,52,,,0,0
河南,2024,,本二,5040,重庆第二师范学院(较高收费),,,449,78317,,,4,,,0,0
河南,2024,,本二,5045,长江师范学院,,,494,26237,,,50,,,0,0
河南,2024,,本二,5045,长江师范学院(较高收费),,,428,273475,,,6,,,0,0
河南,2024,,本二,5050,重庆文理学院,,,458,32551,,,49,,,0,0
河南,2024,,本二,5050,重庆文理学院(材料类较高收费),,,467,203994,,,5,,,0,0
河南,2024,,本二,5050,重庆文理学院(艺术类专业),,,445,81801,,,6,,,0,0
河南,2024,,本二,5050,重庆文理学院(较高收费),,,470,198702,,,7,,,0,0
河南,2024,,本二,5070,重庆中医药学院,,,497,19197,,,42,,,0,0
河南,2024,,本二,5085,攀枝花学院,,,476,30726,,,20,,,0,0
河南,2024,,本二,5105,四川轻化工大学,,,508,20613,,,33,,,0,0
河南,2024,,本二,5115,西南医科大学,,,505,25688,,,34,,,0,0
河南,2024,,本二,5120,绵阳师范学院,,,452,31936,,,24,,,0,0
河南,2024,,本二,5125,乐山师范学院,,,476,30726,,,28,,,0,0
河南,2024,,本二,5130,内江师范学院,,,490,18736,,,85,,,0,0
河南,2024,,本二,5140,宜宾学院,,,485,48861,,,21,,,0,0
河南,2024,,本二,5145,西昌学院,,,462,39680,,,27,,,0,0
河南,2024,,本二,5170,贵州师范大学,,,501,22561,,,59,,,0,0
河南,2024,,本二,5170,贵州师范大学(其他单列),,,483,50315,,,2,,,0,0
河南,2024,,本二,5170,贵州师范大学(较高收费),,,458,70594,,,8,,,0,0
河南,2024,,本二,5175,贵州师范学院,,,465,40367,,,12,,,0,0
河南,2024,,本二,5180,贵州医科大学,,,466,125279,,,20,,,0,0
河南,2024,,本二,5180,贵州医科大学(较高收费),,,468,202264,,,7,,,0,0
河南,2024,,本二,5185,贵州中医药大学,,,457,53329,,,35,,,0,0
河南,2024,,本二,5185,贵州中医药大学(较高收费),,,468,202264,,,15,,,0,0
河南,2024,,本二,5190,遵义医科大学,,,532,89194,,,13,,,0,0
河南,2024,,本二,5195,遵义师范学院,,,480,172731,,,8,,,0,0
河南,2024,,本二,5200,黔南民族师范学院,,,458,43733,,,10,,,0,0
河南,2024,,本二,5205,贵州财经大学,,,461,35107,,,16,,,0,0
河南,2024,,本二,5205,贵州财经大学(较高收费),,,450,33787,,,26,,,0,0
河南,2024,,本二,5210,贵州民族大学,,,479,29603,,,15,,,0,0
河南,2024,,本二,5215,贵阳学院,,,397,35743,,,20,,,0,0
河南,2024,,本二,5220,贵州理工学院,,,470,147838,,,16,,,0,0
河南,2024,,本二,5235,云南农业大学,,,489,30160,,,52,,,0,0
河南,2024,,本二,5235,云南农业大学(较高收费),,,450,46648,,,9,,,0,0
河南,2024,,本二,5240,云南师范大学,,,425,19675,,,50,,,0,0
河南,2024,,本二,5240,云南师范大学(较高收费),,,500,29603,,,10,,,0,0
河南,2024,,本二,5245,大理大学,,,473,25688,,,54,,,0,0
河南,2024,,本二,5250,西南林业大学,,,449,20613,,,68,,,0,0
河南,2024,,本二,5250,西南林业大学(较高收费),,,504,141292,,,1,,,0,0
河南,2024,,本二,5255,昆明医科大学,,,527,105160,,,1,,,0,0
河南,2024,,本二,5255,昆明医科大学(较高收费),,,497,152728,,,5,,,0,0
河南,2024,,本二,5260,云南中医药大学,,,466,20613,,,20,,,0,0
河南,2024,,本二,5265,曲靖师范学院,,,453,41047,,,30,,,0,0
河南,2024,,本二,5270,玉溪师范学院,,,454,33183,,,18,,,0,0
河南,2024,,本二,5275,楚雄师范学院,,,435,237583,,,6,,,0,0
河南,2024,,本二,5280,云南财经大学,,,494,17884,,,94,,,0,0
河南,2024,,本二,5285,云南民族大学,,,505,21553,,,19,,,0,0
河南,2024,,本二,5300,西藏大学,,,498,17011,,,71,,,0,0
河南,2024,,本二,5310,西藏民族大学,,,505,24648,,,82,,,0,0
河南,2024,,本二,5315,西藏农牧学院,,,449,50315,,,80,,,0,0
河南,2024,,本二,5330,延安大学,,,510,26237,,,46,,,0,0
河南,2024,,本二,5335,陕西学前师范学院,,,466,34448,,,83,,,0,0
河南,2024,,本二,5340,宝鸡文理学院,,,473,37674,,,106,,,0,0
河南,2024,,本二,5345,陕西理工大学,,,517,23548,,,7,,,0,0
河南,2024,,本二,5345,陕西理工大学(较高收费),,,481,165958,,,26,,,0,0
河南,2024,,本二,5375,陕西中医药大学,,,530,86324,,,8,,,0,0
河南,2024,,本二,5380,渭南师范学院,,,412,27870,,,50,,,0,0
河南,2024,,本二,5385,咸阳师范学院,,,397,30726,,,55,,,0,0
河南,2024,,本二,5385,咸阳师范学院(较高收费),,,469,61381,,,5,,,0,0
河南,2024,,本二,5390,西安财经大学,,,519,26743,,,6,,,0,0
河南,2024,,本二,5390,西安财经大学(艺术类专业),,,484,49586,,,4,,,0,0
河南,2024,,本二,5390,西安财经大学(较高收费),,,506,138119,,,9,,,0,0
河南,2024,,本二,5395,西安文理学院,,,492,24082,,,30,,,0,0
河南,2024,,本二,5405,甘肃农业大学,,,491,30726,,,100,,,0,0
河南,2024,,本二,5410,西北师范大学,,,473,25688,,,41,,,0,0
河南,2024,,本二,5410,西北师范大学(化学类较高收费),,,478,184813,,,9,,,0,0
河南,2024,,本二,5415,兰州交通大学,,,518,22068,,,106,,,0,0
河南,2024,,本二,5420,甘肃中医药大学,,,457,29603,,,50,,,0,0
河南,2024,,本二,5430,天水师范学院,,,457,37674,,,18,,,0,0
河南,2024,,本二,5435,河西学院,,,467,41047,,,52,,,0,0
河南,2024,,本二,5450,兰州财经大学,,,483,20150,,,127,,,0,0
河南,2024,,本二,5450,兰州财经大学(其他单列),,,485,43048,,,4,,,0,0
河南,2024,,本二,5450,兰州财经大学(较高收费),,,494,29013,,,9,,,0,0
河南,2024,,本二,5455,甘肃政法大学,,,455,20613,,,51,,,0,0
河南,2024,,本二,5465,青海师范大学,,,396,27273,,,29,,,0,0
河南,2024,,本二,5470,青海理工学院,,,458,171003,,,90,,,0,0
河南,2024,,本二,5475,青海民族大学,,,476,25688,,,44,,,0,0
河南,2024,,本二,5475,青海民族大学(较高收费),,,442,248270,,,6,,,0,0
河南,2024,,本二,5490,防灾科技学院,,,455,32551,,,172,,,0,0
河南,2024,,本二,5495,呼伦贝尔学院,,,451,49586,,,39,,,0,0
河南,2024,,本二,5500,新疆农业大学,,,459,34448,,,373,,,0,0
河南,2024,,本二,5500,新疆农业大学(其他单列),,,449,55683,,,49,,,0,0
河南,2024,,本二,5500,新疆农业大学(较高收费),,,448,235779,,,25,,,0,0
河南,2024,,本二,5505,新疆师范大学,,,449,24648,,,285,,,0,0
河南,2024,,本二,5510,喀什大学,,,456,44425,,,768,,,0,0
河南,2024,,本二,5515,昌吉学院,,,454,49586,,,431,,,0,0
河南,2024,,本二,5515,昌吉学院(较高收费),,,459,212758,,,25,,,0,0
河南,2024,,本二,5520,伊犁师范大学,,,457,37018,,,501,,,0,0
河南,2024,,本二,5525,新疆财经大学,,,454,27273,,,200,,,0,0
河南,2024,,本二,5530,河池学院,,,459,51039,,,25,,,0,0
河南,2024,,本二,5535,贺州学院,,,431,45184,,,48,,,0,0
河南,2024,,本二,5535,贺州学院(艺术类专业),,,430,95716,,,14,,,0,0
河南,2024,,本二,5540,四川文理学院,,,483,42359,,,55,,,0,0
河南,2024,,本二,5540,四川文理学院(艺术类专业),,,471,59729,,,3,,,0,0
河南,2024,,本二,5545,安顺学院,,,421,47394,,,10,,,0,0
河南,2024,,本二,5550,云南警官学院,,,506,25688,,,4,,,0,0
河南,2024,,本二,5560,昆明学院,,,471,37018,,,41,,,0,0
河南,2024,,本二,5565,福建技术师范学院,,,462,39680,,,160,,,0,0
河南,2024,,本二,5570,厦门理工学院,,,506,22561,,,136,,,0,0
河南,2024,,本二,5570,厦门理工学院(其他单列),,,490,26743,,,17,,,0,0
河南,2024,,本二,5570,厦门理工学院(电子信息较高收费),,,515,123701,,,6,,,0,0
河南,2024,,本二,5570,厦门理工学院(较高收费),,,502,30160,,,23,,,0,0
河南,2024,,本二,5575,三明学院,,,465,43733,,,125,,,0,0
河南,2024,,本二,5575,三明学院(较高收费),,,421,50315,,,30,,,0,0
河南,2024,,本二,5580,龙岩学院,,,454,43048,,,178,,,0,0
河南,2024,,本二,5580,龙岩学院(较高收费),,,498,151084,,,2,,,0,0
河南,2024,,本二,5585,红河学院,,,462,46648,,,43,,,0,0
河南,2024,,本二,5605,上海商学院,,,511,19197,,,21,,,0,0
河南,2024,,本二,5615,陇东学院,,,454,45924,,,30,,,0,0
河南,2024,,本二,5620,西安医学院,,,495,28443,,,24,,,0,0
河南,2024,,本二,5625,安康学院,,,468,37674,,,51,,,0,0
河南,2024,,本二,5630,贵州工程应用技术学院,,,461,45924,,,10,,,0,0
河南,2024,,本二,5635,金陵科技学院,,,454,23548,,,80,,,0,0
河南,2024,,本二,5640,徐州工程学院,,,502,24082,,,111,,,0,0
河南,2024,,本二,5640,徐州工程学院(较高收费),,,495,147838,,,12,,,0,0
河南,2024,,本二,5650,湖南科技学院,,,484,48861,,,36,,,0,0
河南,2024,,本二,5650,湖南科技学院(艺术类专业),,,472,58914,,,6,,,0,0
河南,2024,,本二,5655,重庆科技大学,,,516,24082,,,72,,,0,0
河南,2024,,本二,5655,重庆科技大学(较高收费),,,484,174483,,,5,,,0,0
河南,2024,,本二,5660,商洛学院,,,470,45184,,,20,,,0,0
河南,2024,,本二,5660,商洛学院(较高收费),,,452,64708,,,4,,,0,0
河南,2024,,本二,5665,榆林学院,,,479,31332,,,28,,,0,0
河南,2024,,本二,5665,榆林学院(单列专业),,,443,246430,,,4,,,0,0
河南,2024,,本二,5665,榆林学院(较高收费),,,450,219683,,,4,,,0,0
河南,2024,,本二,5670,兰州城市学院,,,468,43733,,,46,,,0,0
河南,2024,,本二,5675,宁夏师范大学,,,482,37674,,,34,,,0,0
河南,2024,,本二,5680,百色学院,,,461,48154,,,40,,,0,0
河南,2024,,本二,5685,北部湾大学,,,440,30726,,,10,,,0,0
河南,2024,,本二,5685,北部湾大学(电子信息较高收费),,,458,219683,,,10,,,0,0
河南,2024,,本二,5685,北部湾大学(较高收费),,,439,235779,,,19,,,0,0
河南,2024,,本二,5690,四川警察学院,,,510,21553,,,5,,,0,0
河南,2024,,本二,5695,铜仁学院,,,428,255455,,,12,,,0,0
河南,2024,,本二,5700,凯里学院,,,467,196900,,,20,,,0,0
河南,2024,,本二,5700,凯里学院(较高收费),,,448,237583,,,5,,,0,0
河南,2024,,本二,5705,河北金融学院,,,453,29013,,,37,,,0,0
河南,2024,,本二,5705,河北金融学院(较高收费),,,416,280612,,,7,,,0,0
河南,2024,,本二,5710,吉林工商学院,,,455,41702,,,208,,,0,0
河南,2024,,本二,5715,湖南工学院,,,501,108197,,,44,,,0,0
河南,2024,,本二,5850,吉林医药学院,,,456,47394,,,78,,,0,0
河南,2024,,本二,5850,吉林医药学院(较高收费),,,459,217964,,,4,,,0,0
河南,2024,,本二,5855,山西传媒学院,,,396,45924,,,57,,,0,0
河南,2024,,本二,5856,山西工程技术学院,,,458,45924,,,65,,,0,0
河南,2024,,本二,5857,营口理工学院,,,458,154335,,,122,,,0,0
河南,2024,,本二,5858,浙江外国语学院,,,501,23057,,,115,,,0,0
河南,2024,,本二,5858,浙江外国语学院(较高收费),,,482,51039,,,5,,,0,0
河南,2024,,本二,5859,山东农业工程学院,,,478,37018,,,60,,,0,0
河南,2024,,本二,5860,遵义医科大学医学与科技学院,,,512,128582,,,12,,,0,0
河南,2024,,本二,5862,滇西应用技术大学,,,411,34448,,,23,,,0,0
河南,2024,,本二,5994,郑州西亚斯学院(中外合作),,,405,91935,,,830,,,0,0
河南,2024,,本二,6,天津体育学院,,,496,33183,,,18,,,0,0
河南,2024,,本二,6003,郑州西亚斯学院,,,410,53329,,,4934,,,0,0
河南,2024,,本二,6012,河南农业大学(中外合作),,,477,184813,,,275,,,0,0
河南,2024,,本二,6015,河南中医药大学(单列专业),,,488,36361,,,240,,,0,0
河南,2024,,本二,6017,河南中医药大学(与嵩山少林武术职业学院联合办学),,,462,47394,,,336,,,0,0
河南,2024,,本二,6022,新乡医学院(中外课程合作),,,491,35743,,,462,,,0,0
河南,2024,,本二,6025,河南科技学院,,,496,26237,,,1149,,,0,0
河南,2024,,本二,6031,河南师范大学(中外合作),,,489,45924,,,320,,,0,0
河南,2024,,本二,6035,洛阳师范学院,,,484,23057,,,2755,,,0,0
河南,2024,,本二,6035,洛阳师范学院(艺术类专业),,,428,97632,,,143,,,0,0
河南,2024,,本二,6037,洛阳师范学院(中外合作),,,469,200513,,,100,,,0,0
河南,2024,,本二,6038,洛阳师范学院(软件类),,,466,181368,,,788,,,0,0
河南,2024,,本二,6040,许昌学院,,,491,30726,,,3474,,,0,0
河南,2024,,本二,6040,许昌学院(艺术类专业),,,420,97632,,,44,,,0,0
河南,2024,,本二,6040,许昌学院(较高收费),,,467,202264,,,410,,,0,0
河南,2024,,本二,6042,许昌学院(中外合作),,,433,52598,,,360,,,0,0
河南,2024,,本二,6043,河南牧业经济学院卡洛理工国际学院,,,419,74039,,,280,,,0,0
河南,2024,,本二,6045,河南牧业经济学院,,,474,35743,,,1914,,,0,0
河南,2024,,本二,6045,河南牧业经济学院(农林矿),,,471,177930,,,544,,,0,0
河南,2024,,本二,6045,河南牧业经济学院(较高收费),,,433,51831,,,2308,,,0,0
河南,2024,,本二,6047,河南牧业经济学院(中外合作),,,443,81801,,,120,,,0,0
河南,2024,,本二,6048,河南牧业经济学院(软件类),,,464,207458,,,1030,,,0,0
河南,2024,,本二,6050,安阳师范学院,,,468,26743,,,3185,,,0,0
河南,2024,,本二,6050,安阳师范学院(艺术类专业),,,428,97632,,,100,,,0,0
河南,2024,,本二,6053,安阳师范学院(软件类),,,465,205769,,,480,,,0,0
河南,2024,,本二,6055,商丘师范学院,,,463,31936,,,2250,,,0,0
河南,2024,,本二,6055,商丘师范学院(定向),,,450,54915,,,12,,,0,0
河南,2024,,本二,6055,商丘师范学院(艺术类专业),,,428,97632,,,54,,,0,0
河南,2024,,本二,6055,商丘师范学院(较高收费),,,460,203994,,,678,,,0,0
河南,2024,,本二,6055,商丘师范学院(预科),,,395,101443,,,30,,,0,0
河南,2024,,本二,6057,商丘师范学院(中外合作),,,432,72330,,,360,,,0,0
河南,2024,,本二,6058,商丘师范学院(与商丘职业技术学院联办),,,465,52598,,,100,,,0,0
河南,2024,,本二,6060,周口师范学院,,,465,31936,,,1651,,,0,0
河南,2024,,本二,6060,周口师范学院(其他单列),,,457,51039,,,1300,,,0,0
河南,2024,,本二,6060,周口师范学院(艺术类专业),,,428,96702,,,117,,,0,0
河南,2024,,本二,6063,周口师范学院(中外合作),,,456,219683,,,240,,,0,0
河南,2024,,本二,6065,信阳师范大学,,,483,26237,,,1431,,,0,0
河南,2024,,本二,6065,信阳师范大学(医护类),,,491,31936,,,119,,,0,0
河南,2024,,本二,6065,信阳师范大学(理工学院单列专业),,,485,152728,,,380,,,0,0
河南,2024,,本二,6065,信阳师范大学(理工学院软件类单列专业),,,485,169371,,,120,,,0,0
河南,2024,,本二,6065,信阳师范大学(艺术类专业),,,448,74880,,,63,,,0,0
河南,2024,,本二,6065,信阳师范大学(较高收费),,,487,169371,,,181,,,0,0
河南,2024,,本二,6069,信阳师范大学(中外合作),,,397,38998,,,230,,,0,0
河南,2024,,本二,6070,南阳师范学院,,,464,25688,,,1907,,,0,0
河南,2024,,本二,6070,南阳师范学院(农林矿),,,465,207458,,,44,,,0,0
河南,2024,,本二,6070,南阳师范学院(异地校区),,,436,51039,,,100,,,0,0
河南,2024,,本二,6070,南阳师范学院(艺术类专业),,,428,97632,,,65,,,0,0
河南,2024,,本二,6070,南阳师范学院(较高收费),,,465,207458,,,802,,,0,0
河南,2024,,本二,6070,南阳师范学院(预科),,,436,71460,,,80,,,0,0
河南,2024,,本二,6072,南阳师范学院(中外合作),,,456,223279,,,172,,,0,0
河南,2024,,本二,6072,南阳师范学院(艺术类中外合作),,,432,81801,,,90,,,0,0
河南,2024,,本二,6075,南阳理工学院,,,488,33183,,,1523,,,0,0
河南,2024,,本二,6075,南阳理工学院(艺术类专业),,,424,95716,,,64,,,0,0
河南,2024,,本二,6077,南阳理工学院(软件类),,,479,183057,,,976,,,0,0
河南,2024,,本二,6078,南阳理工学院(中外合作),,,464,191769,,,275,,,0,0
河南,2024,,本二,6079,南阳理工学院(与南阳医学高等专科学校联办),,,516,24648,,,52,,,0,0
河南,2024,,本二,6080,河南财经政法大学,,,492,30160,,,1308,,,0,0
河南,2024,,本二,6083,河南财经政法大学(与河南省人民检察院联办),,,519,23057,,,100,,,0,0
河南,2024,,本二,6088,河南科技大学(与三门峡市政府联办应用工程学院),,,496,28443,,,547,,,0,0
河南,2024,,本二,6089,河南科技大学(与河南工业职业技术学院联办),,,509,126985,,,120,,,0,0
河南,2024,,本二,6092,郑州航空工业管理学院(中外合作),,,501,146167,,,58,,,0,0
河南,2024,,本二,6093,郑州航空工业管理学院,,,497,152728,,,50,,,0,0
河南,2024,,本二,6094,河南理工大学(与平顶山工业职业技术学院联办),,,499,139708,,,140,,,0,0
河南,2024,,本二,6095,华北水利水电大学,,,507,131720,,,656,,,0,0
河南,2024,,本二,6097,华北水利水电大学(中外合作),,,461,177930,,,212,,,0,0
河南,2024,,本二,6097,华北水利水电大学(机械类中外合作),,,507,136483,,,98,,,0,0
河南,2024,,本二,6097,华北水利水电大学(预科),,,413,300034,,,30,,,0,0
河南,2024,,本二,6100,河南理工大学,,,498,146167,,,120,,,0,0
河南,2024,,本二,6104,河南理工大学(与鹤壁市政府联办工程技术学院),,,501,130195,,,1007,,,0,0
河南,2024,,本二,6107,河南工业大学(中外合作),,,501,139708,,,155,,,0,0
河南,2024,,本二,6110,郑州轻工业大学(较高收费),,,506,115830,,,1932,,,0,0
河南,2024,,本二,6114,郑州轻工业大学(与济源职业技术学院合作办学),,,491,157652,,,200,,,0,0
河南,2024,,本二,6115,中原工学院,,,506,24082,,,382,,,0,0
河南,2024,,本二,6115,中原工学院(艺术类专业),,,412,96702,,,120,,,0,0
河南,2024,,本二,6118,中原工学院(与河南职业技术学院联办),,,491,159343,,,80,,,0,0
河南,2024,,本二,6120,河南城建学院,,,471,35107,,,2434,,,0,0
河南,2024,,本二,6122,河南城建学院(中外合作),,,439,253700,,,100,,,0,0
河南,2024,,本二,6125,平顶山学院,,,455,36361,,,2941,,,0,0
河南,2024,,本二,6125,平顶山学院(医护类),,,488,44425,,,160,,,0,0
河南,2024,,本二,6125,平顶山学院(艺术类专业),,,429,96702,,,60,,,0,0
河南,2024,,本二,6127,平顶山学院(单列中外合作),,,459,217964,,,120,,,0,0
河南,2024,,本二,6128,平顶山学院(软件类),,,464,209249,,,300,,,0,0
河南,2024,,本二,6130,黄河科技学院,,,450,50315,,,3245,,,0,0
河南,2024,,本二,6130,黄河科技学院(艺术类专业),,,408,95716,,,115,,,0,0
河南,2024,,本二,6133,黄河科技学院(应用技术学院),,,422,81801,,,1650,,,0,0
河南,2024,,本二,6134,郑州轻工业大学(与河南应用技术职业学院联办),,,491,156006,,,120,,,0,0
河南,2024,,本二,6135,安阳工学院,,,481,43733,,,3038,,,0,0
河南,2024,,本二,6135,安阳工学院(艺术类专业),,,428,97632,,,33,,,0,0
河南,2024,,本二,6137,安阳工学院(中外合作),,,430,95716,,,331,,,0,0
河南,2024,,本二,6137,安阳工学院(其他中外合作),,,426,228675,,,238,,,0,0
河南,2024,,本二,6140,河南警察学院,,,512,24648,,,200,,,0,0
河南,2024,,本二,6145,信阳农林学院,,,463,43048,,,3557,,,0,0
河南,2024,,本二,6149,平顶山学院马拉加工程学院,,,449,221441,,,300,,,0,0
河南,2024,,本二,6150,黄淮学院,,,480,38998,,,2327,,,0,0
河南,2024,,本二,6153,黄淮学院(中外合作),,,460,52598,,,113,,,0,0
河南,2024,,本二,6155,河南工程学院,,,493,35107,,,1887,,,0,0
河南,2024,,本二,6158,河南工程学院(软件类),,,472,165958,,,2218,,,0,0
河南,2024,,本二,6160,洛阳理工学院,,,498,31332,,,2947,,,0,0
河南,2024,,本二,6162,洛阳理工学院(中外合作),,,467,193459,,,188,,,0,0
河南,2024,,本二,6165,新乡学院,,,478,37674,,,3158,,,0,0
河南,2024,,本二,6165,新乡学院(艺术类专业),,,411,96702,,,150,,,0,0
河南,2024,,本二,6167,新乡学院(中外合作),,,464,209249,,,100,,,0,0
河南,2024,,本二,6170,郑州师范学院,,,467,27273,,,2744,,,0,0
河南,2024,,本二,6172,郑州师范学院(中外合作),,,465,207458,,,121,,,0,0
河南,2024,,本二,6175,郑州工业应用技术学院,,,424,68905,,,3485,,,0,0
河南,2024,,本二,6178,河南科技学院苏梅国际学院,,,392,98536,,,300,,,0,0
河南,2024,,本二,6179,郑州西亚斯学院(数字技术产业学院),,,431,251873,,,1035,,,0,0
河南,2024,,本二,6180,郑州科技学院,,,442,73188,,,3694,,,0,0
河南,2024,,本二,6180,郑州科技学院(较高收费),,,422,284235,,,120,,,0,0
河南,2024,,本二,6185,郑州财经学院,,,428,63839,,,3062,,,0,0
河南,2024,,本二,6195,郑州升达经贸管理学院,,,441,54094,,,5125,,,0,0
河南,2024,,本二,6200,商丘学院,,,423,75749,,,2339,,,0,0
河南,2024,,本二,6202,商丘学院(应用科技学院),,,420,79231,,,2313,,,0,0
河南,2024,,本二,6205,商丘工学院,,,418,81801,,,3581,,,0,0
河南,2024,,本二,6214,河南工学院,,,487,44425,,,3549,,,0,0
河南,2024,,本二,6215,河南财政金融学院,,,462,26237,,,3612,,,0,0
河南,2024,,本二,6226,黄河交通学院,,,419,75749,,,4720,,,0,0
河南,2024,,本二,6250,郑州工程技术学院,,,482,45924,,,1893,,,0,0
河南,2024,,本二,6250,郑州工程技术学院(艺术类专业),,,446,74039,,,100,,,0,0
河南,2024,,本二,6296,漯河食品工程职业大学,,,417,88171,,,1000,,,0,0
河南,2024,,本二,6304,河南科技职业大学,,,417,80945,,,4105,,,0,0
河南,2024,,本二,6324,郑州轻工业大学(与河南轻工职业学院联办),,,501,27870,,,40,,,0,0
河南,2024,,本二,6398,郑州航空工业管理学院南乌拉尔学院,,,473,172731,,,204,,,0,0
河南,2024,,本二,6501,河南开封科技传媒学院,,,436,49586,,,3441,,,0,0
河南,2024,,本二,6501,河南开封科技传媒学院(艺术类专业),,,409,97632,,,79,,,0,0
河南,2024,,本二,6502,中原科技学院,,,436,53329,,,4130,,,0,0
河南,2024,,本二,6503,新乡工程学院,,,426,69738,,,4060,,,0,0
河南,2024,,本二,6504,郑州经贸学院,,,438,54094,,,4133,,,0,0
河南,2024,,本二,6505,新乡医学院三全学院,,,448,56502,,,4339,,,0,0
河南,2024,,本二,6506,郑州工商学院,,,419,62194,,,4712,,,0,0
河南,2024,,本二,6506,郑州工商学院(艺术类专业),,,413,97632,,,47,,,0,0
河南,2024,,本二,6507,安阳学院,,,418,72330,,,3304,,,0,0
河南,2024,,本二,6507,安阳学院(艺术类专业),,,415,97632,,,89,,,0,0
河南,2024,,本二,6508,信阳学院,,,402,55683,,,4376,,,0,0
河南,2024,,本二,6508,信阳学院(艺术类专业),,,430,95716,,,54,,,0,0
河南,2024,,本二,6510,郑州商学院,,,429,62194,,,4296,,,0,0
河南,2024,,本二,6510,郑州商学院(较高收费),,,414,298276,,,120,,,0,0
河南,2024,,本二,6530,河南体育学院,,,460,51831,,,350,,,0,0
河南,2024,,本二,6595,四川文化艺术学院,,,414,82684,,,50,,,0,0
河南,2024,,本二,6596,沧州交通学院,,,431,69738,,,85,,,0,0
河南,2024,,本二,6597,北京第二外国语学院中瑞酒店管理学院,,,388,97632,,,52,,,0,0
河南,2024,,本二,6597,北京第二外国语学院中瑞酒店管理学院(较高收费),,,384,329572,,,16,,,0,0
河南,2024,,本二,6598,上海财经大学浙江学院,,,452,50315,,,50,,,0,0
河南,2024,,本二,6601,天津仁爱学院,,,396,76655,,,317,,,0,0
河南,2024,,本二,6601,天津仁爱学院(较高收费),,,407,296533,,,80,,,0,0
河南,2024,,本二,6602,电子科技大学中山学院,,,440,61381,,,68,,,0,0
河南,2024,,本二,6604,重庆人文科技学院,,,447,50315,,,64,,,0,0
河南,2024,,本二,6605,大连理工大学城市学院,,,396,80945,,,156,,,0,0
河南,2024,,本二,6606,厦门大学嘉庚学院,,,459,35743,,,124,,,0,0
河南,2024,,本二,6607,东南大学成贤学院,,,473,52598,,,30,,,0,0
河南,2024,,本二,6608,山东石油化工学院,,,501,31936,,,80,,,0,0
河南,2024,,本二,6609,文华学院,,,450,56502,,,57,,,0,0
河南,2024,,本二,6610,北京工业大学耿丹学院,,,402,73188,,,55,,,0,0
河南,2024,,本二,6612,天津理工大学中环信息学院,,,450,62194,,,134,,,0,0
河南,2024,,本二,6613,北京中医药大学东方学院,,,491,30726,,,20,,,0,0
河南,2024,,本二,6614,辽宁财贸学院,,,405,89086,,,126,,,0,0
河南,2024,,本二,6615,上海师范大学天华学院,,,399,80118,,,140,,,0,0
河南,2024,,本二,6615,上海师范大学天华学院(较高收费),,,405,269912,,,11,,,0,0
河南,2024,,本二,6616,南京工业大学浦江学院,,,440,51831,,,60,,,0,0
河南,2024,,本二,6617,南京师范大学中北学院,,,436,43048,,,119,,,0,0
河南,2024,,本二,6618,南京医科大学康达学院,,,417,53329,,,14,,,0,0
河南,2024,,本二,6620,无锡学院,,,519,20613,,,156,,,0,0
河南,2024,,本二,6621,苏州城市学院,,,520,19675,,,86,,,0,0
河南,2024,,本二,6622,苏州大学应用技术学院,,,419,52598,,,100,,,0,0
河南,2024,,本二,6623,苏州科技大学天平学院,,,396,78317,,,35,,,0,0
河南,2024,,本二,6624,江苏大学京江学院,,,401,51039,,,102,,,0,0
河南,2024,,本二,6625,扬州大学广陵学院,,,400,42359,,,104,,,0,0
河南,2024,,本二,6626,江苏师范大学科文学院,,,397,51039,,,172,,,0,0
河南,2024,,本二,6626,江苏师范大学科文学院(艺术类专业),,,434,91935,,,4,,,0,0
河南,2024,,本二,6627,南京邮电大学通达学院,,,466,58074,,,95,,,0,0
河南,2024,,本二,6628,南京财经大学红山学院,,,437,46648,,,120,,,0,0
河南,2024,,本二,6629,江苏科技大学苏州理工学院,,,421,50315,,,90,,,0,0
河南,2024,,本二,6630,常州大学怀德学院,,,396,68095,,,47,,,0,0
河南,2024,,本二,6631,华北理工大学轻工学院,,,428,80118,,,55,,,0,0
河南,2024,,本二,6632,河北工程大学科信学院,,,450,50315,,,55,,,0,0
河南,2024,,本二,6636,河北师范大学汇华学院,,,453,45184,,,45,,,0,0
河南,2024,,本二,6639,南京审计大学金审学院,,,490,28443,,,20,,,0,0
河南,2024,,本二,6640,温州商学院,,,403,90950,,,153,,,0,0
河南,2024,,本二,6642,山西工学院,,,489,144581,,,28,,,0,0
河南,2024,,本二,6642,山西工学院(较高收费),,,467,203994,,,7,,,0,0
河南,2024,,本二,6643,晋中信息学院,,,418,61381,,,76,,,0,0
河南,2024,,本二,6645,山西晋中理工学院,,,441,80945,,,30,,,0,0
河南,2024,,本二,6646,青岛工学院,,,416,75749,,,166,,,0,0
河南,2024,,本二,6647,青岛农业大学海都学院,,,396,85422,,,82,,,0,0
河南,2024,,本二,6648,齐鲁理工学院,,,435,80118,,,75,,,0,0
河南,2024,,本二,6649,山东财经大学东方学院,,,440,63016,,,30,,,0,0
河南,2024,,本二,6650,潍坊理工学院,,,475,56502,,,3,,,0,0
河南,2024,,本二,6652,沈阳城市学院,,,399,87279,,,174,,,0,0
河南,2024,,本二,6654,辽宁理工学院,,,404,90950,,,218,,,0,0
河南,2024,,本二,6655,大连财经学院,,,408,74039,,,212,,,0,0
河南,2024,,本二,6656,大连工业大学艺术与信息工程学院,,,404,96702,,,132,,,0,0
河南,2024,,本二,6660,烟台科技学院,,,432,84476,,,70,,,0,0
河南,2024,,本二,6661,天津财经大学珠江学院,,,424,51039,,,270,,,0,0
河南,2024,,本二,6661,天津财经大学珠江学院(较高收费),,,413,300033,,,10,,,0,0
河南,2024,,本二,6662,广州新华学院,,,400,68095,,,125,,,0,0
河南,2024,,本二,6663,重庆城市科技学院,,,448,30160,,,70,,,0,0
河南,2024,,本二,6664,成都锦城学院,,,458,49586,,,119,,,0,0
河南,2024,,本二,6664,成都锦城学院(艺术类专业),,,409,91935,,,10,,,0,0
河南,2024,,本二,6665,西安明德理工学院,,,407,87279,,,97,,,0,0
河南,2024,,本二,6667,南通大学杏林学院,,,397,54094,,,120,,,0,0
河南,2024,,本二,6669,福州大学至诚学院,,,418,59729,,,111,,,0,0
河南,2024,,本二,6670,辽宁师范大学海华学院,,,405,84476,,,166,,,0,0
河南,2024,,本二,6671,沈阳城市建设学院,,,404,93783,,,158,,,0,0
河南,2024,,本二,6672,武汉晴川学院,,,419,74880,,,25,,,0,0
河南,2024,,本二,6673,武汉设计工程学院,,,424,84476,,,25,,,0,0
河南,2024,,本二,6674,广州城市理工学院,,,397,94756,,,202,,,0,0
河南,2024,,本二,6675,广州南方学院,,,401,74039,,,50,,,0,0
河南,2024,,本二,6675,广州南方学院(较高收费),,,405,314079,,,3,,,0,0
河南,2024,,本二,6675,广州南方学院(金融类较高收费),,,403,97632,,,5,,,0,0
河南,2024,,本二,6676,广东外语外贸大学南国商学院,,,412,58914,,,13,,,0,0
河南,2024,,本二,6677,西南财经大学天府学院,,,435,54915,,,82,,,0,0
河南,2024,,本二,6677,西南财经大学天府学院(单列专业),,,437,257272,,,10,,,0,0
河南,2024,,本二,6678,四川大学锦江学院,,,457,63839,,,18,,,0,0
河南,2024,,本二,6679,绵阳城市学院,,,439,82684,,,20,,,0,0
河南,2024,,本二,6681,阳光学院,,,410,89984,,,150,,,0,0
河南,2024,,本二,6681,阳光学院(较高收费),,,399,324400,,,9,,,0,0
河南,2024,,本二,6682,福建师范大学协和学院,,,414,57313,,,52,,,0,0
河南,2024,,本二,6682,福建师范大学协和学院(较高收费),,,424,83577,,,8,,,0,0
河南,2024,,本二,6683,福州工商学院,,,412,92844,,,47,,,0,0
河南,2024,,本二,6684,闽南科技学院,,,414,88171,,,36,,,0,0
河南,2024,,本二,6685,西安理工大学高科学院,,,451,68095,,,40,,,0,0
河南,2024,,本二,6686,西安科技大学高新学院,,,430,88171,,,14,,,0,0
河南,2024,,本二,6686,西安科技大学高新学院(SQAAD国际项目),,,411,298276,,,9,,,0,0
河南,2024,,本二,6686,西安科技大学高新学院(较高收费),,,430,87279,,,7,,,0,0
河南,2024,,本二,6687,广州华商学院,,,402,92844,,,30,,,0,0
河南,2024,,本二,6688,广州理工学院,,,408,95716,,,50,,,0,0
河南,2024,,本二,6689,福建农林大学金山学院,,,411,69738,,,53,,,0,0
河南,2024,,本二,6689,福建农林大学金山学院(较高收费),,,411,90950,,,7,,,0,0
河南,2024,,本二,6690,皖江工学院,,,412,72330,,,41,,,0,0
河南,2024,,本二,6691,南昌大学科学技术学院,,,463,61381,,,32,,,0,0
河南,2024,,本二,6692,江西农业大学南昌商学院,,,430,51831,,,30,,,0,0
河南,2024,,本二,6692,江西农业大学南昌商学院(艺术类专业),,,428,97632,,,5,,,0,0
河南,2024,,本二,6693,江西师范大学科学技术学院,,,447,49586,,,47,,,0,0
河南,2024,,本二,6694,南昌交通学院,,,435,63016,,,60,,,0,0
河南,2024,,本二,6695,赣南科技学院,,,484,39680,,,47,,,0,0
河南,2024,,本二,6696,赣东学院,,,488,37018,,,32,,,0,0
河南,2024,,本二,6697,南昌航空大学科技学院,,,459,54094,,,65,,,0,0
河南,2024,,本二,6697,南昌航空大学科技学院(艺术类专业),,,416,88171,,,3,,,0,0
河南,2024,,本二,6698,南昌医学院,,,475,19197,,,30,,,0,0
河南,2024,,本二,6699,江西财经大学现代经济管理学院,,,445,48153,,,20,,,0,0
河南,2024,,本二,6700,赣南师范大学科技学院,,,425,49586,,,10,,,0,0
河南,2024,,本二,6701,景德镇艺术职业大学,,,425,277047,,,4,,,0,0
河南,2024,,本二,6702,南昌应用技术师范学院,,,441,63016,,,22,,,0,0
河南,2024,,本二,6703,南昌大学共青学院,,,464,65531,,,5,,,0,0
河南,2024,,本二,6705,内蒙古大学创业学院,,,402,63016,,,50,,,0,0
河南,2024,,本二,6706,内蒙古鸿德文理学院,,,415,78317,,,40,,,0,0
河南,2024,,本二,6707,银川科技学院,,,411,86369,,,142,,,0,0
河南,2024,,本二,6711,重庆外语外事学院,,,433,58074,,,107,,,0,0
河南,2024,,本二,6712,重庆对外经贸学院,,,414,53329,,,76,,,0,0
河南,2024,,本二,6713,重庆财经学院,,,443,45184,,,51,,,0,0
河南,2024,,本二,6713,重庆财经学院(较高收费),,,397,327848,,,3,,,0,0
河南,2024,,本二,6714,重庆工商大学派斯学院,,,398,58914,,,25,,,0,0
河南,2024,,本二,6721,宁夏大学新华学院,,,396,63839,,,17,,,0,0
河南,2024,,本二,6752,天津商业大学宝德学院,,,430,61381,,,69,,,0,0
河南,2024,,本二,6754,天津外国语大学滨海外事学院,,,422,46648,,,14,,,0,0
河南,2024,,本二,6755,天津医科大学临床医学院,,,416,103674,,,132,,,0,0
河南,2024,,本二,6764,河北地质大学华信学院,,,416,75749,,,85,,,0,0
河南,2024,,本二,6765,石家庄铁道大学四方学院,,,464,50315,,,76,,,0,0
河南,2024,,本二,6781,大连医科大学中山学院,,,408,48153,,,82,,,0,0
河南,2024,,本二,6783,锦州医科大学医疗学院,,,403,177930,,,158,,,0,0
河南,2024,,本二,6784,辽宁中医药大学杏林学院,,,474,42359,,,122,,,0,0
河南,2024,,本二,6786,沈阳工学院,,,413,85422,,,181,,,0,0
河南,2024,,本二,6787,沈阳科技学院,,,403,91935,,,224,,,0,0
河南,2024,,本二,6789,辽宁何氏医学院,,,403,174483,,,121,,,0,0
河南,2024,,本二,6791,长春光华学院,,,407,79231,,,125,,,0,0
河南,2024,,本二,6792,长春大学旅游学院,,,404,89984,,,131,,,0,0
河南,2024,,本二,6793,长春工业大学人文信息学院,,,409,86369,,,130,,,0,0
河南,2024,,本二,6794,长春电子科技学院,,,413,82684,,,130,,,0,0
河南,2024,,本二,6795,长春财经学院,,,406,81801,,,107,,,0,0
河南,2024,,本二,6796,长春人文学院,,,409,78317,,,112,,,0,0
河南,2024,,本二,6796,长春人文学院(艺术类专业),,,429,96702,,,7,,,0,0
河南,2024,,本二,6797,吉林建筑科技学院,,,407,90950,,,189,,,0,0
河南,2024,,本二,6798,长春建筑学院,,,409,91935,,,215,,,0,0
河南,2024,,本二,6799,长春科技学院,,,417,85422,,,306,,,0,0
河南,2024,,本二,6800,吉林师范大学博达学院,,,408,80118,,,69,,,0,0
河南,2024,,本二,6800,吉林师范大学博达学院(艺术类专业),,,406,83577,,,6,,,0,0
河南,2024,,本二,6801,吉林动画学院,,,397,326147,,,27,,,0,0
河南,2024,,本二,6802,哈尔滨石油学院,,,406,96702,,,353,,,0,0
河南,2024,,本二,6803,黑龙江工商学院,,,408,91935,,,194,,,0,0
河南,2024,,本二,6804,哈尔滨华德学院,,,400,95716,,,511,,,0,0
河南,2024,,本二,6805,哈尔滨远东理工学院,,,406,92844,,,112,,,0,0
河南,2024,,本二,6806,黑龙江财经学院,,,396,80118,,,66,,,0,0
河南,2024,,本二,6807,哈尔滨广厦学院,,,401,89984,,,112,,,0,0
河南,2024,,本二,6808,黑龙江外国语学院,,,408,93783,,,184,,,0,0
河南,2024,,本二,6809,哈尔滨剑桥学院,,,403,93783,,,143,,,0,0
河南,2024,,本二,6810,黑龙江工程学院昆仑旅游学院,,,404,94756,,,620,,,0,0
河南,2024,,本二,6811,无锡太湖学院,,,434,53329,,,239,,,0,0
河南,2024,,本二,6812,中国矿业大学徐海学院,,,440,49586,,,114,,,0,0
河南,2024,,本二,6813,蚌埠工商学院,,,428,58914,,,30,,,0,0
河南,2024,,本二,6815,安徽信息工程学院,,,450,225087,,,20,,,0,0
河南,2024,,本二,6816,马鞍山学院,,,442,77462,,,40,,,0,0
河南,2024,,本二,6817,合肥城市学院,,,408,88171,,,50,,,0,0
河南,2024,,本二,6820,安徽医科大学临床医学院,,,528,103674,,,5,,,0,0
河南,2024,,本二,6822,淮北理工学院,,,416,83577,,,20,,,0,0
河南,2024,,本二,6825,厦门工学院,,,396,83577,,,268,,,0,0
河南,2024,,本二,6832,泰山科技学院,,,413,89086,,,22,,,0,0
河南,2024,,本二,6833,烟台理工学院,,,444,67212,,,20,,,0,0
河南,2024,,本二,6836,武汉东湖学院,,,434,62194,,,141,,,0,0
河南,2024,,本二,6837,汉口学院,,,417,61381,,,47,,,0,0
河南,2024,,本二,6838,武昌理工学院,,,455,54094,,,14,,,0,0
河南,2024,,本二,6838,武昌理工学院(其他单列),,,452,179627,,,14,,,0,0
河南,2024,,本二,6838,武昌理工学院(较高收费),,,439,87279,,,8,,,0,0
河南,2024,,本二,6839,武昌首义学院,,,440,43733,,,64,,,0,0
河南,2024,,本二,6839,武昌首义学院(艺术类专业),,,438,88171,,,1,,,0,0
河南,2024,,本二,6841,荆州学院,,,418,83577,,,183,,,0,0
河南,2024,,本二,6842,长江大学文理学院,,,409,44425,,,55,,,0,0
河南,2024,,本二,6843,湖北大学知行学院,,,452,48153,,,40,,,0,0
河南,2024,,本二,6843,湖北大学知行学院(艺术类专业),,,412,90950,,,5,,,0,0
河南,2024,,本二,6844,湖北工业大学工程技术学院,,,448,62194,,,70,,,0,0
河南,2024,,本二,6845,湖北商贸学院,,,426,71460,,,40,,,0,0
河南,2024,,本二,6846,湖北经济学院法商学院,,,428,63016,,,100,,,0,0
河南,2024,,本二,6847,湖北恩施学院,,,462,65531,,,18,,,0,0
河南,2024,,本二,6847,湖北恩施学院(单列专业),,,410,92844,,,17,,,0,0
河南,2024,,本二,6849,湖北师范大学文理学院,,,396,50315,,,49,,,0,0
河南,2024,,本二,6850,武汉文理学院,,,436,58914,,,76,,,0,0
河南,2024,,本二,6851,三峡大学科技学院,,,462,50315,,,60,,,0,0
河南,2024,,本二,6852,武昌工学院,,,431,73188,,,59,,,0,0
河南,2024,,本二,6854,武汉城市学院,,,416,69738,,,71,,,0,0
河南,2024,,本二,6855,武汉纺织大学外经贸学院,,,429,80945,,,60,,,0,0
河南,2024,,本二,6856,武汉华夏理工学院,,,447,74880,,,45,,,0,0
河南,2024,,本二,6857,武汉体育学院体育科技学院,,,432,89086,,,8,,,0,0
河南,2024,,本二,6858,湖北文理学院理工学院,,,440,61381,,,51,,,0,0
河南,2024,,本二,6859,湖北工程学院新技术学院,,,456,52598,,,59,,,0,0
河南,2024,,本二,6860,湖北医药学院药护学院,,,465,58914,,,110,,,0,0
河南,2024,,本二,6861,武汉工程科技学院,,,412,74880,,,45,,,0,0
河南,2024,,本二,6862,武汉学院,,,445,47394,,,80,,,0,0
河南,2024,,本二,6863,武汉工商学院,,,448,58914,,,35,,,0,0
河南,2024,,本二,6863,武汉工商学院(较高收费),,,417,77462,,,10,,,0,0
河南,2024,,本二,6864,长沙理工大学城南学院,,,463,49586,,,61,,,0,0
河南,2024,,本二,6867,湖南科技大学潇湘学院,,,459,44425,,,14,,,0,0
河南,2024,,本二,6868,湖南理工学院南湖学院,,,472,45924,,,4,,,0,0
河南,2024,,本二,6869,湖南农业大学东方科技学院,,,454,54915,,,15,,,0,0
河南,2024,,本二,6870,湘潭理工学院,,,425,87279,,,6,,,0,0
河南,2024,,本二,6872,湖南文理学院芙蓉学院,,,469,54094,,,6,,,0,0
河南,2024,,本二,6874,张家界学院,,,400,60525,,,14,,,0,0
河南,2024,,本二,6875,南华大学船山学院,,,413,51039,,,11,,,0,0
河南,2024,,本二,6877,中南林业科技大学涉外学院,,,453,49586,,,21,,,0,0
河南,2024,,本二,6878,湖南工业大学科技学院,,,464,195178,,,5,,,0,0
河南,2024,,本二,6879,广州商学院,,,414,63016,,,12,,,0,0
河南,2024,,本二,6879,广州商学院(其他单列),,,392,98536,,,8,,,0,0
河南,2024,,本二,6879,广州商学院(较高收费),,,397,81801,,,32,,,0,0
河南,2024,,本二,6882,柳州工学院,,,411,87279,,,150,,,0,0
河南,2024,,本二,6883,广西民族大学相思湖学院,,,423,61381,,,68,,,0,0
河南,2024,,本二,6884,桂林学院,,,419,60525,,,47,,,0,0
河南,2024,,本二,6886,广西中医药大学赛恩斯新医药学院,,,460,161015,,,100,,,0,0
河南,2024,,本二,6887,桂林信息科技学院,,,409,91935,,,136,,,0,0
河南,2024,,本二,6888,南宁理工学院,,,408,86369,,,145,,,0,0
河南,2024,,本二,6889,重庆移通学院,,,428,64708,,,159,,,0,0
河南,2024,,本二,6889,重庆移通学院(较高收费),,,406,310570,,,23,,,0,0
河南,2024,,本二,6891,成都理工大学工程技术学院,,,454,63839,,,20,,,0,0
河南,2024,,本二,6892,四川传媒学院,,,396,58914,,,175,,,0,0
河南,2024,,本二,6894,电子科技大学成都学院,,,468,56502,,,38,,,0,0
河南,2024,,本二,6895,四川工商学院,,,432,72330,,,12,,,0,0
河南,2024,,本二,6896,成都文理学院,,,451,73188,,,10,,,0,0
河南,2024,,本二,6897,成都外国语学院,,,437,51831,,,56,,,0,0
河南,2024,,本二,6898,贵州中医药大学时珍学院,,,436,219683,,,43,,,0,0
河南,2024,,本二,6899,贵州黔南经济学院,,,426,85422,,,7,,,0,0
河南,2024,,本二,6905,昆明医科大学海源学院,,,415,70594,,,30,,,0,0
河南,2024,,本二,6906,滇池学院,,,413,79231,,,56,,,0,0
河南,2024,,本二,6907,丽江文化旅游学院,,,411,82684,,,185,,,0,0
河南,2024,,本二,6908,昆明城市学院,,,413,79231,,,55,,,0,0
河南,2024,,本二,6909,昆明传媒学院,,,408,80118,,,23,,,0,0
河南,2024,,本二,6910,兰州博文科技学院,,,416,86369,,,59,,,0,0
河南,2024,,本二,6911,兰州信息科技学院,,,411,293047,,,119,,,0,0
河南,2024,,本二,6913,兰州工商学院,,,416,85422,,,37,,,0,0
河南,2024,,本二,6921,新疆政法学院,,,461,36361,,,233,,,0,0
河南,2024,,本二,6922,新疆科技学院,,,451,45924,,,195,,,0,0
河南,2024,,本二,6923,新疆理工学院,,,453,49586,,,274,,,0,0
河南,2024,,本二,6925,新疆第二医学院,,,455,114271,,,50,,,0,0
河南,2024,,本二,6926,保定理工学院,,,419,85422,,,20,,,0,0
河南,2024,,本二,6932,珠海科技学院,,,461,50315,,,93,,,0,0
河南,2024,,本二,6933,首都师范大学科德学院,,,385,99502,,,38,,,0,0
河南,2024,,本二,6934,北京金融科技学院,,,384,308791,,,44,,,0,0
河南,2024,,本二,6935,天津传媒学院,,,411,86369,,,115,,,0,0
河南,2024,,本二,6938,山西科技学院,,,493,141292,,,45,,,0,0
河南,2024,,本二,6939,大连科技学院,,,404,90950,,,166,,,0,0
河南,2024,,本二,6943,大连东软信息学院,,,404,93783,,,206,,,0,0
河南,2024,,本二,6946,上海外国语大学贤达经济人文学院,,,388,75749,,,87,,,0,0
河南,2024,,本二,6946,上海外国语大学贤达经济人文学院(较高收费),,,376,89086,,,66,,,0,0
河南,2024,,本二,6948,南京理工大学紫金学院,,,462,33787,,,107,,,0,0
河南,2024,,本二,6949,南京航空航天大学金城学院,,,435,52598,,,39,,,0,0
河南,2024,,本二,6949,南京航空航天大学金城学院(艺术类专业),,,428,97632,,,9,,,0,0
河南,2024,,本二,6950,南京传媒学院,,,399,58074,,,132,,,0,0
河南,2024,,本二,6951,南京理工大学泰州科技学院,,,397,86369,,,75,,,0,0
河南,2024,,本二,6952,南京师范大学泰州学院,,,403,43048,,,121,,,0,0
河南,2024,,本二,6953,浙江工业大学之江学院,,,419,47394,,,105,,,0,0
河南,2024,,本二,6954,浙江师范大学行知学院,,,439,52598,,,85,,,0,0
河南,2024,,本二,6955,宁波大学科学技术学院,,,411,48864,,,118,,,0,0
河南,2024,,本二,6956,杭州电子科技大学信息工程学院,,,466,190019,,,113,,,0,0
河南,2024,,本二,6957,浙江理工大学科技与艺术学院,,,409,242940,,,82,,,0,0
河南,2024,,本二,6959,浙江农林大学暨阳学院,,,426,51831,,,82,,,0,0
河南,2024,,本二,6960,温州医科大学仁济学院,,,416,136483,,,80,,,0,0
河南,2024,,本二,6963,湖州学院,,,511,115830,,,75,,,0,0
河南,2024,,本二,6964,绍兴文理学院元培学院,,,415,56502,,,95,,,0,0
河南,2024,,本二,6965,温州理工学院,,,513,25688,,,143,,,0,0
河南,2024,,本二,6966,浙江工商大学杭州商学院,,,439,51039,,,90,,,0,0
河南,2024,,本二,6967,嘉兴南湖学院,,,506,22068,,,120,,,0,0
河南,2024,,本二,6968,中国计量大学现代科技学院,,,410,62194,,,80,,,0,0
河南,2024,,本二,6969,北京邮电大学世纪学院,,,401,86369,,,178,,,0,0
河南,2024,,本二,6970,浙江财经大学东方学院,,,430,48153,,,101,,,0,0
河南,2024,,本二,6971,华南农业大学珠江学院,,,396,85422,,,158,,,0,0
河南,2024,,本二,6972,集美大学诚毅学院,,,426,46648,,,69,,,0,0
河南,2024,,本二,6974,青岛城市学院,,,415,60525,,,55,,,0,0
河南,2024,,本二,6975,三亚学院,,,396,87279,,,279,,,0,0
河南,2024,,本二,6975,三亚学院(其他单列),,,394,98536,,,27,,,0,0
河南,2024,,本二,6975,三亚学院(艺术类专业),,,427,98536,,,1,,,0,0
河南,2024,,本二,6975,三亚学院(较高收费),,,396,63016,,,7,,,0,0
河南,2024,,本二,6976,北京科技大学天津学院,,,436,53329,,,375,,,0,0
河南,2024,,本二,6977,燕京理工学院,,,433,64708,,,13,,,0,0
河南,2024,,本二,6978,武汉工程大学邮电与信息工程学院,,,453,72330,,,60,,,0,0
河南,2024,,本二,6979,武汉传媒学院,,,439,82684,,,16,,,0,0
河南,2024,,本二,6979,武汉传媒学院(艺术类专业),,,403,317599,,,1,,,0,0
河南,2024,,本二,6980,广州软件学院,,,428,95716,,,17,,,0,0
河南,2024,,本二,6981,广州华立学院,,,412,94756,,,39,,,0,0
河南,2024,,本二,6983,西南交通大学希望学院,,,441,49586,,,15,,,0,0
河南,2024,,本二,6984,东莞城市学院,,,398,93783,,,55,,,0,0
河南,2024,,本二,6985,成都银杏酒店管理学院,,,421,80118,,,30,,,0,0
河南,2024,,本二,6986,贵阳信息科技学院,,,424,67212,,,15,,,0,0
河南,2024,,本二,6987,贵州医科大学神奇民族医药学院,,,512,118997,,,3,,,0,0
河南,2024,,本二,6988,西安交通大学城市学院,,,458,51039,,,46,,,0,0
河南,2024,,本二,6990,西安建筑科技大学华清学院,,,444,58914,,,77,,,0,0
河南,2024,,本二,6991,西安财经大学行知学院,,,424,70594,,,56,,,0,0
河南,2024,,本二,6992,陕西科技大学镐京学院,,,407,82684,,,119,,,0,0
河南,2024,,本二,6993,西安工商学院,,,409,86369,,,163,,,0,0
河南,2024,,本二,6994,延安大学西安创新学院,,,407,80945,,,45,,,0,0
河南,2024,,本二,6996,上海视觉艺术学院,,,442,84476,,,7,,,0,0
河南,2024,,本二,6997,昆明文理学院,,,405,85422,,,32,,,0,0
河南,2024,,本二,6998,昆明理工大学津桥学院,,,416,75749,,,40,,,0,0
河南,2024,,本二,6999,湛江科技学院,,,403,96702,,,20,,,0,0
河南,2024,,本二,7006,浙江药科职业大学,,,476,47394,,,80,,,0,0
河南,2024,,本二,7007,河北工业职业技术大学,,,473,48861,,,45,,,0,0
河南,2024,,本二,7008,河北科技工程职业技术大学,,,456,50315,,,115,,,0,0
河南,2024,,本二,7009,兰州石化职业技术大学,,,471,49586,,,25,,,0,0
河南,2024,,本二,7010,兰州资源环境职业技术大学,,,459,49586,,,20,,,0,0
河南,2024,,本二,7011,山西工程科技职业大学,,,452,43733,,,63,,,0,0
河南,2024,,本二,7012,河北石油职业技术大学,,,472,48861,,,120,,,0,0
河南,2024,,本二,7013,广西农业职业技术大学,,,450,223279,,,15,,,0,0
河南,2024,,本二,7014,贵阳康养职业大学,,,471,48153,,,10,,,0,0
河南,2024,,本二,7031,河北水利电力学院,,,480,162618,,,15,,,0,0
河南,2024,,本二,7037,保定学院,,,486,33183,,,28,,,0,0
河南,2024,,本二,7039,河北民族师范学院,,,466,43733,,,30,,,0,0
河南,2024,,本二,7041,沧州师范学院,,,484,38365,,,25,,,0,0
河南,2024,,本二,7051,吕梁学院,,,467,46648,,,39,,,0,0
河南,2024,,本二,7063,集宁师范学院,,,463,48153,,,48,,,0,0
河南,2024,,本二,7064,呼和浩特民族学院,,,461,43048,,,39,,,0,0
河南,2024,,本二,7064,呼和浩特民族学院(较高收费),,,459,216209,,,6,,,0,0
河南,2024,,本二,7091,长春汽车职业技术大学,,,453,214397,,,180,,,0,0
河南,2024,,本二,7098,吉林警察学院,,,490,27273,,,40,,,0,0
河南,2024,,本二,7106,哈尔滨金融学院,,,467,35107,,,139,,,0,0
河南,2024,,本二,7126,泰州学院,,,482,30726,,,121,,,0,0
河南,2024,,本二,7132,浙江水利水电学院,,,456,26743,,,135,,,0,0
河南,2024,,本二,7132,浙江水利水电学院(较高收费),,,506,138119,,,5,,,0,0
河南,2024,,本二,7147,池州学院,,,480,40367,,,50,,,0,0
河南,2024,,本二,7148,亳州学院,,,469,45924,,,39,,,0,0
河南,2024,,本二,7152,武夷学院,,,396,45184,,,160,,,0,0
河南,2024,,本二,7152,武夷学院(艺术类专业),,,430,95716,,,5,,,0,0
河南,2024,,本二,7153,宁德师范学院,,,452,35107,,,150,,,0,0
河南,2024,,本二,7155,福建商学院,,,436,26743,,,160,,,0,0
河南,2024,,本二,7156,福建警察学院,,,494,25181,,,22,,,0,0
河南,2024,,本二,7157,厦门医学院,,,480,120583,,,82,,,0,0
河南,2024,,本二,7161,景德镇学院,,,487,47394,,,6,,,0,0
河南,2024,,本二,7163,萍乡学院,,,467,46648,,,15,,,0,0
河南,2024,,本二,7164,新余学院,,,445,40367,,,13,,,0,0
河南,2024,,本二,7176,济宁学院,,,466,47394,,,20,,,0,0
河南,2024,,本二,7195,汉江师范学院,,,449,31936,,,58,,,0,0
河南,2024,,本二,7204,湖南医药学院,,,473,118997,,,6,,,0,0
河南,2024,,本二,7205,湖南第一师范学院,,,512,112738,,,19,,,0,0
河南,2024,,本二,7206,长沙师范学院,,,502,37018,,,8,,,0,0
河南,2024,,本二,7208,湖南财政经济学院,,,477,22561,,,30,,,0,0
河南,2024,,本二,7221,桂林航天工业学院,,,445,48864,,,76,,,0,0
河南,2024,,本二,7221,桂林航天工业学院(其他单列),,,491,162618,,,6,,,0,0
河南,2024,,本二,7221,桂林航天工业学院(较高收费),,,508,134903,,,4,,,0,0
河南,2024,,本二,7228,广西科技师范学院,,,478,44425,,,51,,,0,0
河南,2024,,本二,7229,桂林旅游学院,,,448,40367,,,32,,,0,0
河南,2024,,本二,7229,桂林旅游学院(较高收费),,,408,83577,,,13,,,0,0
河南,2024,,本二,7233,广西警察学院,,,456,27870,,,15,,,0,0
河南,2024,,本二,7252,成都工业学院,,,495,41702,,,45,,,0,0
河南,2024,,本二,7252,成都工业学院(异地校区),,,492,43733,,,21,,,0,0
河南,2024,,本二,7254,四川旅游学院,,,477,35107,,,63,,,0,0
河南,2024,,本二,7254,四川旅游学院(较高收费),,,427,275266,,,5,,,0,0
河南,2024,,本二,7259,阿坝师范学院,,,470,41047,,,23,,,0,0
河南,2024,,本二,7273,兴义民族师范学院,,,490,45184,,,1,,,0,0
河南,2024,,本二,7278,六盘水师范学院,,,472,49586,,,8,,,0,0
河南,2024,,本二,7279,贵州商学院,,,467,51831,,,8,,,0,0
河南,2024,,本二,7279,贵州商学院(较高收费),,,434,91935,,,6,,,0,0
河南,2024,,本二,7283,昭通学院,,,475,47394,,,5,,,0,0
河南,2024,,本二,7284,普洱学院,,,454,212758,,,10,,,0,0
河南,2024,,本二,7285,保山学院,,,460,46648,,,10,,,0,0
河南,2024,,本二,7287,文山学院,,,459,49586,,,21,,,0,0
河南,2024,,本二,7292,西安航空学院,,,397,139708,,,66,,,0,0
河南,2024,,本二,7293,滇西科技师范学院,,,471,47394,,,9,,,0,0
河南,2024,,本二,7301,兰州工业学院,,,484,142935,,,50,,,0,0
河南,2024,,本二,7304,甘肃民族师范学院,,,443,42359,,,13,,,0,0
河南,2024,,本二,7307,甘肃医学院,,,524,106610,,,25,,,0,0
河南,2024,,本二,7308,陇南师范学院,,,458,50315,,,10,,,0,0
河南,2024,,本二,7331,新疆工程学院,,,453,48153,,,182,,,0,0
河南,2024,,本二,7331,新疆工程学院(单列专业),,,446,235779,,,13,,,0,0
河南,2024,,本二,7333,新疆和田学院,,,454,52598,,,33,,,0,0
河南,2024,,本二,7335,新疆警察学院,,,480,31332,,,18,,,0,0
河南,2024,,本二,7338,杭州医学院,,,472,65558,,,120,,,0,0
河南,2024,,本二,7341,豫章师范学院,,,451,228675,,,9,,,0,0
河南,2024,,本二,7348,琼台师范学院,,,451,38365,,,91,,,0,0
河南,2024,,本二,7400,河套学院,,,447,50315,,,45,,,0,0
河南,2024,,本二,7401,兰州文理学院,,,470,43733,,,40,,,0,0
河南,2024,,本二,7454,四川工程职业技术大学,,,467,188251,,,24,,,0,0
河南,2024,,本二,7460,南京特殊教育师范学院,,,462,24648,,,117,,,0,0
河南,2024,,本二,7461,福建江夏学院,,,469,22068,,,190,,,0,0
河南,2024,,本二,7501,上海第二工业大学,,,513,20150,,,66,,,0,0
河南,2024,,本二,7502,荆楚理工学院,,,468,43048,,,95,,,0,0
河南,2024,,本二,7502,荆楚理工学院(较高收费),,,446,241179,,,5,,,0,0
河南,2024,,本二,7503,茅台学院,,,446,159343,,,25,,,0,0
河南,2024,,本二,7563,湖北第二师范学院,,,495,23548,,,82,,,0,0
河南,2024,,本二,7600,浙江万里学院,,,410,28443,,,109,,,0,0
河南,2024,,本二,7601,仰恩大学,,,408,79231,,,25,,,0,0
河南,2024,,本二,7602,西安培华学院,,,417,65531,,,84,,,0,0
河南,2024,,本二,7602,西安培华学院(艺术类专业),,,403,96702,,,8,,,0,0
河南,2024,,本二,7603,吉林外国语大学,,,413,58074,,,205,,,0,0
河南,2024,,本二,7603,吉林外国语大学(较高收费),,,404,89984,,,11,,,0,0
河南,2024,,本二,7604,河北传媒学院,,,434,61381,,,37,,,0,0
河南,2024,,本二,7604,河北传媒学院(艺术类专业),,,396,94756,,,28,,,0,0
河南,2024,,本二,7605,北京城市学院,,,431,38365,,,53,,,0,0
河南,2024,,本二,7605,北京城市学院(较高收费),,,480,52598,,,1,,,0,0
河南,2024,,本二,7606,辽宁对外经贸学院,,,401,92844,,,171,,,0,0
河南,2024,,本二,7607,黑龙江东方学院,,,409,86369,,,240,,,0,0
河南,2024,,本二,7608,上海杉达学院,,,396,58074,,,227,,,0,0
河南,2024,,本二,7608,上海杉达学院(其他单列),,,435,76655,,,3,,,0,0
河南,2024,,本二,7608,上海杉达学院(较高收费),,,396,41702,,,9,,,0,0
河南,2024,,本二,7609,上海建桥学院,,,397,86369,,,367,,,0,0
河南,2024,,本二,7609,上海建桥学院(双语班单列专业),,,397,327847,,,5,,,0,0
河南,2024,,本二,7609,上海建桥学院(较高收费),,,407,310570,,,5,,,0,0
河南,2024,,本二,7610,三江学院,,,396,62194,,,202,,,0,0
河南,2024,,本二,7611,浙江树人学院,,,415,58914,,,181,,,0,0
河南,2024,,本二,7612,安徽新华学院,,,414,77462,,,60,,,0,0
河南,2024,,本二,7613,江西科技学院,,,435,81801,,,15,,,0,0
河南,2024,,本二,7614,烟台南山学院,,,416,80945,,,180,,,0,0
河南,2024,,本二,7615,青岛滨海学院,,,398,87279,,,146,,,0,0
河南,2024,,本二,7616,武汉生物工程学院,,,415,60525,,,30,,,0,0
河南,2024,,本二,7617,长沙医学院,,,463,48861,,,48,,,0,0
河南,2024,,本二,7618,湖南涉外经济学院,,,401,84476,,,184,,,0,0
河南,2024,,本二,7619,广东白云学院,,,408,92844,,,27,,,0,0
河南,2024,,本二,7620,广东培正学院,,,406,90950,,,45,,,0,0
河南,2024,,本二,7621,西安翻译学院,,,413,78317,,,138,,,0,0
河南,2024,,本二,7622,西安欧亚学院,,,402,72330,,,155,,,0,0
河南,2024,,本二,7622,西安欧亚学院(艺术类专业),,,403,90950,,,4,,,0,0
河南,2024,,本二,7622,西安欧亚学院(较高收费),,,406,312313,,,4,,,0,0
河南,2024,,本二,7623,西安外事学院,,,407,54915,,,95,,,0,0
河南,2024,,本二,7624,西京学院,,,435,71460,,,63,,,0,0
河南,2024,,本二,7625,宁夏理工学院,,,409,86369,,,682,,,0,0
河南,2024,,本二,7626,南昌理工学院,,,413,58914,,,44,,,0,0
河南,2024,,本二,7626,南昌理工学院(艺术类专业),,,397,327848,,,2,,,0,0
河南,2024,,本二,7626,南昌理工学院(较高收费),,,406,312314,,,5,,,0,0
河南,2024,,本二,7627,西安思源学院,,,396,77462,,,132,,,0,0
河南,2024,,本二,7628,陕西国际商贸学院,,,415,85422,,,54,,,0,0
河南,2024,,本二,7629,齐鲁医药学院,,,418,29603,,,52,,,0,0
河南,2024,,本二,7630,闽南理工学院,,,409,89984,,,73,,,0,0
河南,2024,,本二,7634,潍坊科技学院,,,421,68905,,,60,,,0,0
河南,2024,,本二,7635,天津天狮学院,,,401,88171,,,135,,,0,0
河南,2024,,本二,7636,海口经济学院,,,396,89984,,,126,,,0,0
河南,2024,,本二,7701,天津中德应用技术大学,,,467,37018,,,171,,,0,0
河南,2024,,本二,8015,吉利学院,,,428,86369,,,30,,,0,0
河南,2024,,本二,8043,辽宁传媒学院,,,401,96702,,,58,,,0,0
河南,2024,,本二,8121,河北东方学院,,,423,72330,,,20,,,0,0
河南,2024,,本二,8127,河北工程技术学院,,,415,284235,,,32,,,0,0
河南,2024,,本二,8139,河北环境工程学院,,,464,48861,,,35,,,0,0
河南,2024,,本二,8176,太原学院,,,396,61381,,,75,,,0,0
河南,2024,,本二,8177,山西应用科技学院,,,417,80118,,,72,,,0,0
河南,2024,,本二,8181,山西能源学院,,,468,167608,,,60,,,0,0
河南,2024,,本二,8212,鄂尔多斯应用技术学院,,,456,51831,,,36,,,0,0
河南,2024,,本二,8216,山东工程职业技术大学,,,419,90950,,,10,,,0,0
河南,2024,,本二,8218,山东外国语职业技术大学,,,416,84476,,,30,,,0,0
河南,2024,,本二,8226,广西城市职业大学,,,403,95716,,,120,,,0,0
河南,2024,,本二,8258,西安信息职业大学,,,412,90950,,,151,,,0,0
河南,2024,,本二,8373,哈尔滨职业技术大学,,,450,52598,,,40,,,0,0
河南,2024,,本二,8386,黑龙江工业学院,,,464,48864,,,125,,,0,0
河南,2024,,本二,8389,齐齐哈尔工程学院,,,401,95716,,,203,,,0,0
河南,2024,,本二,8390,哈尔滨信息工程学院,,,407,90950,,,113,,,0,0
河南,2024,,本二,8438,运城职业技术大学,,,425,79231,,,40,,,0,0
河南,2024,,本二,8454,上海中侨职业技术大学,,,396,86369,,,180,,,0,0
河南,2024,,本二,8461,上海兴伟学院,,,381,104214,,,13,,,0,0
河南,2024,,本二,8508,南京工业职业技术大学,,,501,34448,,,71,,,0,0
河南,2024,,本二,8542,南通理工学院,,,396,72330,,,207,,,0,0
河南,2024,,本二,8596,浙江越秀外国语学院,,,396,83577,,,102,,,0,0
河南,2024,,本二,8596,浙江越秀外国语学院(较高收费),,,397,322649,,,6,,,0,0
河南,2024,,本二,8609,宁波财经学院,,,415,74039,,,116,,,0,0
河南,2024,,本二,8664,安徽三联学院,,,415,87279,,,70,,,0,0
河南,2024,,本二,8665,安徽文达信息工程学院,,,417,89086,,,104,,,0,0
河南,2024,,本二,8668,安徽外国语学院,,,412,87279,,,30,,,0,0
河南,2024,,本二,8691,山东青年政治学院,,,480,48864,,,10,,,0,0
河南,2024,,本二,8720,江西应用科技学院,,,404,86369,,,17,,,0,0
河南,2024,,本二,8720,江西应用科技学院(较高收费),,,403,317599,,,6,,,0,0
河南,2024,,本二,8730,宿迁学院,,,487,29013,,,60,,,0,0
河南,2024,,本二,8778,山东英才学院,,,404,90950,,,62,,,0,0
河南,2024,,本二,8857,武汉商学院,,,508,24082,,,35,,,0,0
河南,2024,,本二,8857,武汉商学院(较高收费),,,434,91935,,,4,,,0,0
河南,2024,,本二,9,沈阳体育学院,,,463,49586,,,22,,,0,0
河南,2024,,本二,9061,南宁学院,,,411,74039,,,52,,,0,0
河南,2024,,本二,9083,海南科技职业大学,,,398,93783,,,172,,,0,0
河南,2024,,本二,9133,四川电影电视学院,,,415,71460,,,25,,,0,0
河南,2024,,本二,9199,贵州警察学院,,,468,24648,,,5,,,0,0
河南,2024,,本二,9237,云南工商学院,,,412,92844,,,50,,,0,0
河南,2024,,本二,9259,陕西服装工程学院,,,408,87279,,,47,,,0,0
河南,2024,,本二,9346,新疆农业职业技术大学,,,451,54094,,,40,,,0,0
河南,2024,,本二,9378,厦门华厦学院,,,399,307059,,,55,,,0,0
河南,2024,,本二,9381,泉州职业技术大学,,,400,89984,,,100,,,0,0
河南,2024,,本二,9418,民政职业大学,,,471,39680,,,35,,,0,0
河南,2024,,本二,9432,河北科技学院,,,415,83577,,,25,,,0,0
河南,2024,,本二,9436,河北外国语学院,,,415,88171,,,20,,,0,0
河南,2024,,本二,9493,浙江广厦建设职业技术大学,,,396,90950,,,83,,,0,0
河南,2024,,本二,9538,南昌工学院,,,412,242940,,,33,,,0,0
河南,2024,,本二,9538,南昌工学院(艺术类专业),,,438,88171,,,1,,,0,0
河南,2024,,本二,9539,南昌职业大学,,,413,85422,,,31,,,0,0
河南,2024,,本二,9540,江西服装学院,,,396,92844,,,69,,,0,0
河南,2024,,本二,9551,青岛恒星科技学院,,,408,88171,,,50,,,0,0
河南,2024,,本二,9553,山东现代学院,,,406,81801,,,126,,,0,0
河南,2024,,本二,9554,青岛黄海学院,,,423,80945,,,77,,,0,0
河南,2024,,本二,9592,广东东软学院,,,405,93783,,,62,,,0,0
河南,2024,,本二,9601,北海艺术设计学院,,,432,92844,,,30,,,0,0
河南,2024,,本二,9677,重庆机电职业技术大学,,,436,82684,,,119,,,0,0
河南,2024,,本二,9678,重庆电子科技职业大学,,,506,138119,,,2,,,0,0
河南,2024,,本二,9679,重庆工程学院,,,455,57313,,,73,,,0,0
河南,2024,,本二,9700,成都东软学院,,,444,73188,,,92,,,0,0
河南,2024,,本二,9710,西安交通工程学院,,,410,85422,,,126,,,0,0
河南,2024,,本二,9727,泉州信息工程学院,,,416,87279,,,118,,,0,0
河南,2024,,本二,9727,泉州信息工程学院(较高收费),,,407,310571,,,15,,,0,0
河南,2024,,本二,9728,福州外语外贸学院,,,410,80945,,,180,,,0,0
河南,2024,,本二,9730,福州理工学院,,,408,94756,,,75,,,0,0
河南,2024,,本二,9828,山西工商学院,,,431,68905,,,35,,,0,0
河南,2024,,本二,9830,辽宁理工职业大学,,,405,308791,,,59,,,0,0
河南,2024,,本二,9835,上海立达学院,,,388,98536,,,189,,,0,0
河南,2024,,本二,9840,江西工程学院,,,437,58914,,,8,,,0,0
河南,2024,,本二,9844,山东协和学院,,,416,74880,,,172,,,0,0
河南,2024,,本二,9844,山东协和学院(较高收费),,,507,136483,,,2,,,0,0
河南,2024,,本二,9845,山东华宇工学院,,,423,86369,,,100,,,0,0
河南,2024,,本二,9848,湖南应用技术学院,,,410,79231,,,13,,,0,0
河南,2024,,本二,9850,广东工商职业技术大学,,,409,84476,,,60,,,0,0
河南,2024,,本二,9851,广东理工学院,,,409,94756,,,63,,,0,0
河南,2024,,本二,9852,广东科技学院,,,407,92844,,,56,,,0,0
河南,2024,,本二,9853,广州工商学院,,,395,98536,,,55,,,0,0
河南,2024,,本二,9853,广州工商学院(较高收费),,,391,336442,,,42,,,0,0
河南,2024,,本二,9858,广西外国语学院,,,408,77462,,,106,,,0,0
河南,2024,,本二,9860,四川工业科技学院,,,445,81801,,,35,,,0,0
河南,2024,,本二,9862,云南经济管理学院,,,418,73188,,,52,,,0,0
河南,2024,,本二,9866,西安汽车职业大学,,,408,91935,,,240,,,0,0
河南,2024,,本二,9868,银川能源学院,,,414,89086,,,54,,,0,0
河南,2024,,本二,9870,新疆天山职业技术大学,,,417,61381,,,155,,,0,0
河南,2024,,本二,9915,鲁迅美术学院,,,477,47394,,,2,,,0,0
河南,2024,,本二,9917,吉林艺术学院,,,418,73188,,,24,,,0,0
河南,2024,,本二,9922,南京艺术学院,,,512,16148,,,4,,,0,0
河南,2024,,本二,9928,山东工艺美术学院,,,480,50315,,,11,,,0,0
河南,2024,,本二,9938,广西艺术学院,,,443,51039,,,25,,,0,0
河南,2024,,本二,9940,四川美术学院,,,469,33787,,,19,,,0,0
河南,2024,,本二,9945,云南艺术学院,,,429,49586,,,10,,,0,0
河南,2024,,本二,9948,西安美术学院,,,491,39680,,,4,,,0,0
河南,2024,,本二,9951,新疆艺术学院,,,481,51831,,,3,,,0,0
河南,2024,,本二,9956,内蒙古艺术学院,,,480,52598,,,4,,,0,0
河南,2024,,本二,9957,哈尔滨音乐学院,,,455,73188,,,3,,,0,0
河南,2024,,本二,9958,安徽艺术学院,,,463,39680,,,8,,,0,0
